INSERT INTO e_bridge_receive (ono, lno, text_result, text_order, release_date, validate, created_at, updated_at, split_date, source, result_message_id) VALUES('2102058' ,'2305020002','{"no_pendaftaran":"1234568","no_rm":"264442      ","no_order":"2102058","nama_pasien":"RINI AYU PUTRI NN                                           ","tempat_lahir":"","tgl_lahir":"2002-02-12","jk":"P","alamat":"JL YOGYAKARTA MANOKWARI BARAT  MANOKWARI PAPUA BARAT                                                                    ","phone":"082137689614","nik":"9202125202020002","id_jenis_pasien":"1","jenis_pasien":"UMUM","id_penjamin":"1","penjamin":"SENDIRI","rujukan_asal":1,"detail_rujukan":{"id_dokter":"","nama_dokter":"","id_instalasi":1,"id_ward":"","ward":"POLI DALAM"},"cito":"false","diagnose":"","icd10":[],"order":[{"id_test":"DL","nama_test":"Darah Rutin"}]}', '{"no_pendaftaran":"1234568","no_rm":"264442      ","no_order":"2102058","nama_pasien":"RINI AYU PUTRI NN                                           ","tempat_lahir":"","tgl_lahir":"2002-02-12","jk":"P","alamat":"JL YOGYAKARTA MANOKWARI BARAT  MANOKWARI PAPUA BARAT                                                                    ","phone":"082137689614","nik":"9202125202020002","id_jenis_pasien":"1","jenis_pasien":"UMUM","id_penjamin":"1","penjamin":"SENDIRI","rujukan_asal":1,"detail_rujukan":{"id_dokter":"","nama_dokter":"","id_instalasi":1,"id_ward":"","ward":"POLI DALAM"},"cito":"false","diagnose":"","icd10":[],"order":[{"id_test":"DL","nama_test":"Darah Rutin"}]}' , '1970-01-01T00:00:00.000Z','1970-01-01T00:00:00.000Z','2023-05-02T07:24:34.000Z','2023-05-02T07:24:34.000Z','1970-01-01T00:00:00.000Z', '3404162004', '455641');
INSERT INTO t_patient_registration (mrn, patient_type, guarantor, members_number, referral_type, uid_ward, uid_class, uid_doctor_referral, uid_facility_referral, uid_doctor, is_cyto, reg_num, registration_date,created_by, uid_updated_by, uid, enabled, uid_profile, uid_object, created_at, updated_at, cancelation_remark, cancelation_date, is_bridge, room_number, source, no_reg, sign_fast, fast_note, is_pregnant, is_mcu, uid_doctor_incharge) VALUES('264442' ,'befec50c-6ea8-43d2-867f-f6fafc90d928','a66661d6-02dc-4fec-8567-12f858ae72c6', null , '92669d11-b6c8-4ade-8f96-f12ed5f7a766', null, null, null, null, null, false, '2305020002', '2023-05-02T07:24:34.000Z', '39b032b3-4eea-4fff-915c-3d50b3e3f4e5', '39b032b3-4eea-4fff-915c-3d50b3e3f4e5', '4f3d38de-180f-4572-917e-81dd5787a75b', true, '1ff54fa2-e714-4361-aedd-5af0a0a636ba', '4535b220-3b62-11eb-adc1-0242ac120002', '2023-05-02T07:24:34.000Z', '2023-05-02T07:24:34.000Z', null, '1970-01-01T00:00:00.000Z', true, null, '3404162004', '1234568', false, null, false, false, '1a2207c7-4f0b-450a-b64c-6f40e3072d8b');
INSERT INTO t_patient_order (mrn, uid_registration, uid_test, id_type_test, quantity, uid_created_by, uid_updated_by, enabled, uid, uid_profile, uid_object, created_at, updated_at, is_bridge) VALUES('264442', '4f3d38de-180f-4572-917e-81dd5787a75b', 'e48ac0c9-a459-4720-903a-9b8e55cb59f4', '1', '1', 'fbc7d7e9-de2d-4788-a0e5-09908b5da112', 'fbc7d7e9-de2d-4788-a0e5-09908b5da112', true, '27017f14-9d30-491b-b3bb-b73bee5edc12', '1ff54fa2-e714-4361-aedd-5af0a0a636ba', '4535b310-3b62-11eb-adc1-0242ac120002', '2023-05-02T14:39:55.000Z', '2023-05-02T14:39:55.000Z', true);

INSERT INTO t_patient_order_detail (mrn, uid_registration, uid_test, value, value_string, value_memo, is_verify, verify_date, uid_verify_by, uid_instrument, is_acc, acc_date, is_edit, uid_acc_by, uid_action_by, enabled, uid_profile, uid_object, uid, flag, uid_nilai_normal, uid_package, uid_panel, uid_parent, created_at, updated_at, approve_mobile, id_order) VALUES('264442', '4f3d38de-180f-4572-917e-81dd5787a75b', '916b8e40-db78-4114-9a86-258c76fde88e', null , null, null, false, '1970-01-01T00:00:00.000Z', null, null, false, '1970-01-01T00:00:00.000Z', false, null, null, true, '1ff54fa2-e714-4361-aedd-5af0a0a636ba', '130867b4-4f1e-4d6d-8dc2-81294b7d1964', 'ced703dd-1256-4480-9143-b1a17cdc3320', null, null, null, '2631bf5c-350c-48bd-bb60-a440936968e3', 'e48ac0c9-a459-4720-903a-9b8e55cb59f4', '2023-05-02T14:15:52.000Z', '2023-05-02T14:15:52.000Z', false, null);

INSERT INTO t_patient_sample (sample_num, mrn, uid_registration, uid_test, taken_date, type_ref, qty_print, uid_paket, uid_panel, uid, enabled, uid_profile, uid_object, created_at, updated_at, uid_by, is_read, read_by) VALUES('0205230001', '264442', '4f3d38de-180f-4572-917e-81dd5787a75b', 'b71847a1-b9de-4f32-8776-2ca1fbe5957b', '2023-05-02T14:39:55.000Z', '4', '1', null, 'e48ac0c9-a459-4720-903a-9b8e55cb59f4', 'f2ace29e-2f93-4307-8247-622d7d765829', true, '1ff54fa2-e714-4361-aedd-5af0a0a636ba', 'fb22bc31-7319-4373-b6fb-9118b9d1c90b', '2023-05-02T14:39:55.000Z', '2023-05-02T14:39:55.000Z', '197270b2-9600-4dbb-a446-1044416f838a', false, null);

INSERT INTO t_patient_sample_speciment (reg_num, mrn, specimen, uid_registration, uid_test, taken_date, qty_print, uid_paket, uid_panel, uid, enabled, uid_profile, uid_object, created_at, updated_at) VALUES('2305020002', '264442', 'EDTA', '4f3d38de-180f-4572-917e-81dd5787a75b', 'b71847a1-b9de-4f32-8776-2ca1fbe5957b', '2023-05-02T14:17:07.000Z', 1, null, 'e48ac0c9-a459-4720-903a-9b8e55cb59f4', '32ddb3f9-84d6-4957-b4e4-d2c808bd828c', true, '1ff54fa2-e714-4361-aedd-5af0a0a636ba', 'fb22bc31-7319-4373-b6fb-9118b9d1a91b', '2023-05-02T14:17:07.000Z', '2023-05-02T14:17:07.000Z');

INSERT INTO t_patient_examination (mrn, uid_registration, uid_test, value, value_string, value_memo, is_verify, verify_date, print_date, uid_verify_by, uid_instrument, is_acc, acc_date, is_edit, flag, pending_date, pending_by, uid_acc_by, uid_created_by, uid_action_by, uid_package, uid_panel, uid_parent, uid_nilai_normal, uid, enabled, uid_profile, uid_object, created_at, updated_at, approve_mobile, uid_rolebase, role_text, sign, id_order, is_duplo) VALUES('264442', '4f3d38de-180f-4572-917e-81dd5787a75b', 'e725273b-a1c0-4243-9f97-fe7d7cad3bca', '0.8', null, null, true, '2023-05-02T14:44:30.000Z', null, '39b032b3-4eea-4fff-915c-3d50b3e3f4e5', '36ba2172-b47c-42f9-934f-ded1fc43f064', true, '2023-05-02T14:46:25.000Z', true, '-', '1970-01-01T00:00:00.000Z', null, '39b032b3-4eea-4fff-915c-3d50b3e3f4e5', null, null, null, 'e48ac0c9-a459-4720-903a-9b8e55cb59f4', '2631bf5c-350c-48bd-bb60-a440936968e3', null, 'd027207e-4996-483a-a444-ce18bab63a97', true, '1ff54fa2-e714-4361-aedd-5af0a0a636ba', '130867b4-4f1e-4d6d-8dc2-81294b7d1964','2023-05-02T14:17:07.000Z', '2023-05-02T14:46:25.000Z', false, null,null,null, null,false);
INSERT INTO t_history_approve (uid_examination, uid_test, value, value_string, is_acc, acc_date, uid_acc_by, flag, value_memo, enabled, uid_profile, uid_object, uid, created_at, updated_at, reason) VALUES('d027207e-4996-483a-a444-ce18bab63a97', 'e725273b-a1c0-4243-9f97-fe7d7cad3bca', '0.8', null, true, '2023-05-02T14:46:25.000Z', '39b032b3-4eea-4fff-915c-3d50b3e3f4e5', '-', null, true, '1ff54fa2-e714-4361-aedd-5af0a0a636ba', 'e9c92242-3b8d-11eb-adc1-0242ac120002', 'a6ff08cd-2084-4dd4-9dc2-d0f136b1283f', '2023-05-02T14:46:25.000Z', '2023-05-02T14:46:25.000Z', null);
INSERT INTO t_history_verify (uid_examination, uid_test, value, value_string, is_verify, verify_date, uid_verify_by, flag, value_memo, enabled, uid_profile, uid_object, uid, created_at, updated_at, reason) VALUES('d027207e-4996-483a-a444-ce18bab63a97', 'e725273b-a1c0-4243-9f97-fe7d7cad3bca', '0.8', '0.8', true, '2023-05-02T14:44:17.000Z', '39b032b3-4eea-4fff-915c-3d50b3e3f4e5', '-', null, true, '1ff54fa2-e714-4361-aedd-5af0a0a636ba', 'e9c91fd6-3b8d-11eb-adc1-0242ac120002', 'bc01f82a-94ea-4597-bc80-c29b0e4fe14e', '2023-05-02T14:44:18.000Z', '2023-05-02T14:44:18.000Z', null);
INSERT INTO t_patient_examination (mrn, uid_registration, uid_test, value, value_string, value_memo, is_verify, verify_date, print_date, uid_verify_by, uid_instrument, is_acc, acc_date, is_edit, flag, pending_date, pending_by, uid_acc_by, uid_created_by, uid_action_by, uid_package, uid_panel, uid_parent, uid_nilai_normal, uid, enabled, uid_profile, uid_object, created_at, updated_at, approve_mobile, uid_rolebase, role_text, sign, id_order, is_duplo) VALUES('264442', '4f3d38de-180f-4572-917e-81dd5787a75b', '4442b86d-a6da-4f7d-864b-e90d2075cf69', '19.0', null, null, true, '2023-05-02T14:46:23.000Z', null, '39b032b3-4eea-4fff-915c-3d50b3e3f4e5', null, true, '2023-05-02T14:46:25.000Z', false, null, '1970-01-01T00:00:00.000Z', null, '39b032b3-4eea-4fff-915c-3d50b3e3f4e5', 'fbc7d7e9-de2d-4788-a0e5-09908b5da112', null, null, 'e48ac0c9-a459-4720-903a-9b8e55cb59f4', null, null, 'cf43609c-6b15-48cb-8921-ea88435d8ea0', true, '1ff54fa2-e714-4361-aedd-5af0a0a636ba', '4535b3d8-3b62-11eb-adc1-0242ac120002','2023-05-02T14:39:55.000Z', '2023-05-05T09:40:37.000Z', false, null,null,null, null,false);
INSERT INTO t_history_approve (uid_examination, uid_test, value, value_string, is_acc, acc_date, uid_acc_by, flag, value_memo, enabled, uid_profile, uid_object, uid, created_at, updated_at, reason) VALUES('cf43609c-6b15-48cb-8921-ea88435d8ea0', '4442b86d-a6da-4f7d-864b-e90d2075cf69', '19.0', null, true, '2023-05-02T14:46:25.000Z', '39b032b3-4eea-4fff-915c-3d50b3e3f4e5', '-', null, true, '1ff54fa2-e714-4361-aedd-5af0a0a636ba', 'e9c92242-3b8d-11eb-adc1-0242ac120002', '0e00bd13-d73e-4d88-8333-e5eb310a5d0c', '2023-05-02T14:46:25.000Z', '2023-05-02T14:46:25.000Z', null);
INSERT INTO t_history_verify (uid_examination, uid_test, value, value_string, is_verify, verify_date, uid_verify_by, flag, value_memo, enabled, uid_profile, uid_object, uid, created_at, updated_at, reason) VALUES('cf43609c-6b15-48cb-8921-ea88435d8ea0', '4442b86d-a6da-4f7d-864b-e90d2075cf69', '19.0', '19.0', true, '2023-05-02T14:46:23.000Z', '39b032b3-4eea-4fff-915c-3d50b3e3f4e5', null, null, true, '1ff54fa2-e714-4361-aedd-5af0a0a636ba', 'e9c91fd6-3b8d-11eb-adc1-0242ac120002', '6dd9ae4c-ada3-4b69-bc18-7023ced9bd93', '2023-05-02T14:46:23.000Z', '2023-05-02T14:46:23.000Z', null);
INSERT INTO t_patient_examination (mrn, uid_registration, uid_test, value, value_string, value_memo, is_verify, verify_date, print_date, uid_verify_by, uid_instrument, is_acc, acc_date, is_edit, flag, pending_date, pending_by, uid_acc_by, uid_created_by, uid_action_by, uid_package, uid_panel, uid_parent, uid_nilai_normal, uid, enabled, uid_profile, uid_object, created_at, updated_at, approve_mobile, uid_rolebase, role_text, sign, id_order, is_duplo) VALUES('264442', '4f3d38de-180f-4572-917e-81dd5787a75b', '486227eb-7240-4ec9-a96b-81eb8d8547a0', '19', null, null, true, '2023-05-02T14:44:30.000Z', null, '39b032b3-4eea-4fff-915c-3d50b3e3f4e5', '36ba2172-b47c-42f9-934f-ded1fc43f064', true, '2023-05-02T14:46:25.000Z', true, 'L', '1970-01-01T00:00:00.000Z', null, '39b032b3-4eea-4fff-915c-3d50b3e3f4e5', null, null, null, 'e48ac0c9-a459-4720-903a-9b8e55cb59f4', null, null, '741747f0-69e2-470c-a957-57bdca29a8bf', true, '1ff54fa2-e714-4361-aedd-5af0a0a636ba', '4535b3d8-3b62-11eb-adc1-0242ac120002','2023-05-02T14:39:55.000Z', '2023-05-02T14:46:25.000Z', false, null,null,null, null,false);
INSERT INTO t_history_approve (uid_examination, uid_test, value, value_string, is_acc, acc_date, uid_acc_by, flag, value_memo, enabled, uid_profile, uid_object, uid, created_at, updated_at, reason) VALUES('741747f0-69e2-470c-a957-57bdca29a8bf', '486227eb-7240-4ec9-a96b-81eb8d8547a0', '19', null, true, '2023-05-02T14:46:25.000Z', '39b032b3-4eea-4fff-915c-3d50b3e3f4e5', 'L', null, true, '1ff54fa2-e714-4361-aedd-5af0a0a636ba', 'e9c92242-3b8d-11eb-adc1-0242ac120002', '4cd48dd5-d01f-4425-b6f7-c12938c5d39d', '2023-05-02T14:46:25.000Z', '2023-05-02T14:46:25.000Z', null);
INSERT INTO t_history_verify (uid_examination, uid_test, value, value_string, is_verify, verify_date, uid_verify_by, flag, value_memo, enabled, uid_profile, uid_object, uid, created_at, updated_at, reason) VALUES('741747f0-69e2-470c-a957-57bdca29a8bf', '486227eb-7240-4ec9-a96b-81eb8d8547a0', '19', '19', true, '2023-05-02T14:44:17.000Z', '39b032b3-4eea-4fff-915c-3d50b3e3f4e5', '-', null, true, '1ff54fa2-e714-4361-aedd-5af0a0a636ba', 'e9c91fd6-3b8d-11eb-adc1-0242ac120002', '170fbe8e-a9dc-4ef7-b840-844b4022407a', '2023-05-02T14:44:18.000Z', '2023-05-02T14:44:18.000Z', null);
INSERT INTO t_patient_examination (mrn, uid_registration, uid_test, value, value_string, value_memo, is_verify, verify_date, print_date, uid_verify_by, uid_instrument, is_acc, acc_date, is_edit, flag, pending_date, pending_by, uid_acc_by, uid_created_by, uid_action_by, uid_package, uid_panel, uid_parent, uid_nilai_normal, uid, enabled, uid_profile, uid_object, created_at, updated_at, approve_mobile, uid_rolebase, role_text, sign, id_order, is_duplo) VALUES('264442', '4f3d38de-180f-4572-917e-81dd5787a75b', '88a46905-9ca7-4978-bd4f-ccac1131b04d', '5', null, null, true, '2023-05-02T14:46:23.000Z', null, '39b032b3-4eea-4fff-915c-3d50b3e3f4e5', null, true, '2023-05-02T14:46:25.000Z', false, null, '1970-01-01T00:00:00.000Z', null, '39b032b3-4eea-4fff-915c-3d50b3e3f4e5', 'fbc7d7e9-de2d-4788-a0e5-09908b5da112', null, null, 'e48ac0c9-a459-4720-903a-9b8e55cb59f4', null, null, 'f717266c-032a-4c61-9869-04f48966d645', true, '1ff54fa2-e714-4361-aedd-5af0a0a636ba', '4535b3d8-3b62-11eb-adc1-0242ac120002','2023-05-02T14:39:55.000Z', '2023-05-02T14:46:25.000Z', false, null,null,null, null,false);
INSERT INTO t_history_approve (uid_examination, uid_test, value, value_string, is_acc, acc_date, uid_acc_by, flag, value_memo, enabled, uid_profile, uid_object, uid, created_at, updated_at, reason) VALUES('f717266c-032a-4c61-9869-04f48966d645', '88a46905-9ca7-4978-bd4f-ccac1131b04d', '5', null, true, '2023-05-02T14:46:25.000Z', '39b032b3-4eea-4fff-915c-3d50b3e3f4e5', '-', null, true, '1ff54fa2-e714-4361-aedd-5af0a0a636ba', 'e9c92242-3b8d-11eb-adc1-0242ac120002', 'cc042a4c-e8eb-47f8-9f46-d95b8e85d9c8', '2023-05-02T14:46:25.000Z', '2023-05-02T14:46:25.000Z', null);
INSERT INTO t_history_verify (uid_examination, uid_test, value, value_string, is_verify, verify_date, uid_verify_by, flag, value_memo, enabled, uid_profile, uid_object, uid, created_at, updated_at, reason) VALUES('f717266c-032a-4c61-9869-04f48966d645', '88a46905-9ca7-4978-bd4f-ccac1131b04d', '5', '5', true, '2023-05-02T14:46:23.000Z', '39b032b3-4eea-4fff-915c-3d50b3e3f4e5', null, null, true, '1ff54fa2-e714-4361-aedd-5af0a0a636ba', 'e9c91fd6-3b8d-11eb-adc1-0242ac120002', '40a2e88f-ace1-4166-a6f0-6f21ec788acf', '2023-05-02T14:46:23.000Z', '2023-05-02T14:46:23.000Z', null);
INSERT INTO t_patient_examination (mrn, uid_registration, uid_test, value, value_string, value_memo, is_verify, verify_date, print_date, uid_verify_by, uid_instrument, is_acc, acc_date, is_edit, flag, pending_date, pending_by, uid_acc_by, uid_created_by, uid_action_by, uid_package, uid_panel, uid_parent, uid_nilai_normal, uid, enabled, uid_profile, uid_object, created_at, updated_at, approve_mobile, uid_rolebase, role_text, sign, id_order, is_duplo) VALUES('264442', '4f3d38de-180f-4572-917e-81dd5787a75b', '916b8e40-db78-4114-9a86-258c76fde88e', '4.4', null, null, true, '2023-05-02T14:44:30.000Z', null, '39b032b3-4eea-4fff-915c-3d50b3e3f4e5', '36ba2172-b47c-42f9-934f-ded1fc43f064', true, '2023-05-02T14:46:25.000Z', true, '-', '1970-01-01T00:00:00.000Z', null, '39b032b3-4eea-4fff-915c-3d50b3e3f4e5', null, null, null, 'e48ac0c9-a459-4720-903a-9b8e55cb59f4', '2631bf5c-350c-48bd-bb60-a440936968e3', null, 'b3f4ec61-466f-4876-b308-1cd9383f5079', true, '1ff54fa2-e714-4361-aedd-5af0a0a636ba', '130867b4-4f1e-4d6d-8dc2-81294b7d1964','2023-05-02T14:17:07.000Z', '2023-05-02T14:46:25.000Z', false, null,null,null, null,false);
INSERT INTO t_history_approve (uid_examination, uid_test, value, value_string, is_acc, acc_date, uid_acc_by, flag, value_memo, enabled, uid_profile, uid_object, uid, created_at, updated_at, reason) VALUES('b3f4ec61-466f-4876-b308-1cd9383f5079', '916b8e40-db78-4114-9a86-258c76fde88e', '4.4', null, true, '2023-05-02T14:46:25.000Z', '39b032b3-4eea-4fff-915c-3d50b3e3f4e5', '-', null, true, '1ff54fa2-e714-4361-aedd-5af0a0a636ba', 'e9c92242-3b8d-11eb-adc1-0242ac120002', '891e8154-61f2-4548-bd35-0d5570e2ceb0', '2023-05-02T14:46:25.000Z', '2023-05-02T14:46:25.000Z', null);
INSERT INTO t_history_verify (uid_examination, uid_test, value, value_string, is_verify, verify_date, uid_verify_by, flag, value_memo, enabled, uid_profile, uid_object, uid, created_at, updated_at, reason) VALUES('b3f4ec61-466f-4876-b308-1cd9383f5079', '916b8e40-db78-4114-9a86-258c76fde88e', '4', '4', true, '2023-05-02T14:44:17.000Z', '39b032b3-4eea-4fff-915c-3d50b3e3f4e5', '-', null, true, '1ff54fa2-e714-4361-aedd-5af0a0a636ba', 'e9c91fd6-3b8d-11eb-adc1-0242ac120002', '4fc817b6-d3c6-4d6f-9f41-5a0bf60d4d5d', '2023-05-02T14:44:18.000Z', '2023-05-02T14:44:18.000Z', null);
INSERT INTO t_patient_examination (mrn, uid_registration, uid_test, value, value_string, value_memo, is_verify, verify_date, print_date, uid_verify_by, uid_instrument, is_acc, acc_date, is_edit, flag, pending_date, pending_by, uid_acc_by, uid_created_by, uid_action_by, uid_package, uid_panel, uid_parent, uid_nilai_normal, uid, enabled, uid_profile, uid_object, created_at, updated_at, approve_mobile, uid_rolebase, role_text, sign, id_order, is_duplo) VALUES('264442', '4f3d38de-180f-4572-917e-81dd5787a75b', '31db07b3-6407-4c45-bc8e-52ac98b9b723', '1.4', null, null, true, '2023-05-02T14:44:30.000Z', null, '39b032b3-4eea-4fff-915c-3d50b3e3f4e5', '36ba2172-b47c-42f9-934f-ded1fc43f064', true, '2023-05-02T14:46:25.000Z', true, 'L', '1970-01-01T00:00:00.000Z', null, '39b032b3-4eea-4fff-915c-3d50b3e3f4e5', null, null, null, 'e48ac0c9-a459-4720-903a-9b8e55cb59f4', '2631bf5c-350c-48bd-bb60-a440936968e3', null, '46fe36a4-60f3-4457-ad8b-193b38db26f6', true, '1ff54fa2-e714-4361-aedd-5af0a0a636ba', '130867b4-4f1e-4d6d-8dc2-81294b7d1964','2023-05-02T14:17:07.000Z', '2023-05-02T14:46:25.000Z', false, null,null,null, null,false);
INSERT INTO t_history_approve (uid_examination, uid_test, value, value_string, is_acc, acc_date, uid_acc_by, flag, value_memo, enabled, uid_profile, uid_object, uid, created_at, updated_at, reason) VALUES('46fe36a4-60f3-4457-ad8b-193b38db26f6', '31db07b3-6407-4c45-bc8e-52ac98b9b723', '1.4', null, true, '2023-05-02T14:46:25.000Z', '39b032b3-4eea-4fff-915c-3d50b3e3f4e5', 'L', null, true, '1ff54fa2-e714-4361-aedd-5af0a0a636ba', 'e9c92242-3b8d-11eb-adc1-0242ac120002', 'baa98645-e512-41b7-90dc-c7510a5bc04e', '2023-05-02T14:46:25.000Z', '2023-05-02T14:46:25.000Z', null);
INSERT INTO t_history_verify (uid_examination, uid_test, value, value_string, is_verify, verify_date, uid_verify_by, flag, value_memo, enabled, uid_profile, uid_object, uid, created_at, updated_at, reason) VALUES('46fe36a4-60f3-4457-ad8b-193b38db26f6', '31db07b3-6407-4c45-bc8e-52ac98b9b723', '1.4', '1.4', true, '2023-05-02T14:44:17.000Z', '39b032b3-4eea-4fff-915c-3d50b3e3f4e5', '-', null, true, '1ff54fa2-e714-4361-aedd-5af0a0a636ba', 'e9c91fd6-3b8d-11eb-adc1-0242ac120002', 'd7f6a94c-539d-4418-a7d3-0c1401e4f551', '2023-05-02T14:44:18.000Z', '2023-05-02T14:44:18.000Z', null);
INSERT INTO t_patient_examination (mrn, uid_registration, uid_test, value, value_string, value_memo, is_verify, verify_date, print_date, uid_verify_by, uid_instrument, is_acc, acc_date, is_edit, flag, pending_date, pending_by, uid_acc_by, uid_created_by, uid_action_by, uid_package, uid_panel, uid_parent, uid_nilai_normal, uid, enabled, uid_profile, uid_object, created_at, updated_at, approve_mobile, uid_rolebase, role_text, sign, id_order, is_duplo) VALUES('264442', '4f3d38de-180f-4572-917e-81dd5787a75b', '0d813e52-d2b8-4f83-8f2d-27870c422c27', '0.7', null, null, true, '2023-05-02T14:44:30.000Z', null, '39b032b3-4eea-4fff-915c-3d50b3e3f4e5', '36ba2172-b47c-42f9-934f-ded1fc43f064', true, '2023-05-02T14:46:25.000Z', true, 'L', '1970-01-01T00:00:00.000Z', null, '39b032b3-4eea-4fff-915c-3d50b3e3f4e5', null, null, null, 'e48ac0c9-a459-4720-903a-9b8e55cb59f4', '2631bf5c-350c-48bd-bb60-a440936968e3', null, '94043afa-3d70-44cf-ad19-2480391b94db', true, '1ff54fa2-e714-4361-aedd-5af0a0a636ba', '130867b4-4f1e-4d6d-8dc2-81294b7d1964','2023-05-02T14:17:07.000Z', '2023-05-02T14:46:25.000Z', false, null,null,null, null,false);
INSERT INTO t_history_approve (uid_examination, uid_test, value, value_string, is_acc, acc_date, uid_acc_by, flag, value_memo, enabled, uid_profile, uid_object, uid, created_at, updated_at, reason) VALUES('94043afa-3d70-44cf-ad19-2480391b94db', '0d813e52-d2b8-4f83-8f2d-27870c422c27', '0.7', null, true, '2023-05-02T14:46:25.000Z', '39b032b3-4eea-4fff-915c-3d50b3e3f4e5', 'L', null, true, '1ff54fa2-e714-4361-aedd-5af0a0a636ba', 'e9c92242-3b8d-11eb-adc1-0242ac120002', '07b1e9fd-d203-45e6-b2d8-b769f4c96c8d', '2023-05-02T14:46:25.000Z', '2023-05-02T14:46:25.000Z', null);
INSERT INTO t_history_verify (uid_examination, uid_test, value, value_string, is_verify, verify_date, uid_verify_by, flag, value_memo, enabled, uid_profile, uid_object, uid, created_at, updated_at, reason) VALUES('94043afa-3d70-44cf-ad19-2480391b94db', '0d813e52-d2b8-4f83-8f2d-27870c422c27', '0.7', '0.7', true, '2023-05-02T14:44:17.000Z', '39b032b3-4eea-4fff-915c-3d50b3e3f4e5', '-', null, true, '1ff54fa2-e714-4361-aedd-5af0a0a636ba', 'e9c91fd6-3b8d-11eb-adc1-0242ac120002', '5f3d99e8-63ec-4bb8-a465-995aacec9144', '2023-05-02T14:44:18.000Z', '2023-05-02T14:44:18.000Z', null);
INSERT INTO t_patient_examination (mrn, uid_registration, uid_test, value, value_string, value_memo, is_verify, verify_date, print_date, uid_verify_by, uid_instrument, is_acc, acc_date, is_edit, flag, pending_date, pending_by, uid_acc_by, uid_created_by, uid_action_by, uid_package, uid_panel, uid_parent, uid_nilai_normal, uid, enabled, uid_profile, uid_object, created_at, updated_at, approve_mobile, uid_rolebase, role_text, sign, id_order, is_duplo) VALUES('264442', '4f3d38de-180f-4572-917e-81dd5787a75b', '6ccd1d4e-97dd-477d-84ae-59875971f8da', '32', null, null, true, '2023-05-02T14:44:30.000Z', null, '39b032b3-4eea-4fff-915c-3d50b3e3f4e5', '36ba2172-b47c-42f9-934f-ded1fc43f064', true, '2023-05-02T14:46:25.000Z', true, '-', '1970-01-01T00:00:00.000Z', null, '39b032b3-4eea-4fff-915c-3d50b3e3f4e5', null, null, null, 'e48ac0c9-a459-4720-903a-9b8e55cb59f4', null, null, 'be0127cb-1f12-42a6-9675-7a439ebc2549', true, '1ff54fa2-e714-4361-aedd-5af0a0a636ba', '4535b3d8-3b62-11eb-adc1-0242ac120002','2023-05-02T14:39:55.000Z', '2023-05-05T09:40:41.000Z', false, null,null,null, null,false);
INSERT INTO t_history_approve (uid_examination, uid_test, value, value_string, is_acc, acc_date, uid_acc_by, flag, value_memo, enabled, uid_profile, uid_object, uid, created_at, updated_at, reason) VALUES('be0127cb-1f12-42a6-9675-7a439ebc2549', '6ccd1d4e-97dd-477d-84ae-59875971f8da', '32', null, true, '2023-05-02T14:46:25.000Z', '39b032b3-4eea-4fff-915c-3d50b3e3f4e5', '-', null, true, '1ff54fa2-e714-4361-aedd-5af0a0a636ba', 'e9c92242-3b8d-11eb-adc1-0242ac120002', 'da4243de-e460-43f7-a388-0eeb1448ffc5', '2023-05-02T14:46:25.000Z', '2023-05-02T14:46:25.000Z', null);
INSERT INTO t_history_verify (uid_examination, uid_test, value, value_string, is_verify, verify_date, uid_verify_by, flag, value_memo, enabled, uid_profile, uid_object, uid, created_at, updated_at, reason) VALUES('be0127cb-1f12-42a6-9675-7a439ebc2549', '6ccd1d4e-97dd-477d-84ae-59875971f8da', '32', '32', true, '2023-05-02T14:44:17.000Z', '39b032b3-4eea-4fff-915c-3d50b3e3f4e5', '-', null, true, '1ff54fa2-e714-4361-aedd-5af0a0a636ba', 'e9c91fd6-3b8d-11eb-adc1-0242ac120002', '7e294c04-0579-4da1-b756-494795065a86', '2023-05-02T14:44:18.000Z', '2023-05-02T14:44:18.000Z', null);
INSERT INTO t_patient_examination (mrn, uid_registration, uid_test, value, value_string, value_memo, is_verify, verify_date, print_date, uid_verify_by, uid_instrument, is_acc, acc_date, is_edit, flag, pending_date, pending_by, uid_acc_by, uid_created_by, uid_action_by, uid_package, uid_panel, uid_parent, uid_nilai_normal, uid, enabled, uid_profile, uid_object, created_at, updated_at, approve_mobile, uid_rolebase, role_text, sign, id_order, is_duplo) VALUES('264442', '4f3d38de-180f-4572-917e-81dd5787a75b', '86b30523-c59b-463f-9870-7ea62074ea1b', '19.00', null, null, true, '2023-05-02T14:46:23.000Z', null, '39b032b3-4eea-4fff-915c-3d50b3e3f4e5', null, true, '2023-05-02T14:46:25.000Z', false, null, '1970-01-01T00:00:00.000Z', null, '39b032b3-4eea-4fff-915c-3d50b3e3f4e5', 'fbc7d7e9-de2d-4788-a0e5-09908b5da112', null, null, null, null, null, 'b3afbe17-07ff-4d81-9711-cdd328b6a934', true, '1ff54fa2-e714-4361-aedd-5af0a0a636ba', '4535b3d8-3b62-11eb-adc1-0242ac120002','2023-05-02T14:39:55.000Z', '2023-05-02T14:46:25.000Z', false, null,null,null, null,false);
INSERT INTO t_history_approve (uid_examination, uid_test, value, value_string, is_acc, acc_date, uid_acc_by, flag, value_memo, enabled, uid_profile, uid_object, uid, created_at, updated_at, reason) VALUES('b3afbe17-07ff-4d81-9711-cdd328b6a934', '86b30523-c59b-463f-9870-7ea62074ea1b', '19.00', null, true, '2023-05-02T14:46:25.000Z', '39b032b3-4eea-4fff-915c-3d50b3e3f4e5', '-', null, true, '1ff54fa2-e714-4361-aedd-5af0a0a636ba', 'e9c92242-3b8d-11eb-adc1-0242ac120002', '52f44acd-83c3-408a-975c-e62274bbf44a', '2023-05-02T14:46:25.000Z', '2023-05-02T14:46:25.000Z', null);
INSERT INTO t_history_verify (uid_examination, uid_test, value, value_string, is_verify, verify_date, uid_verify_by, flag, value_memo, enabled, uid_profile, uid_object, uid, created_at, updated_at, reason) VALUES('b3afbe17-07ff-4d81-9711-cdd328b6a934', '86b30523-c59b-463f-9870-7ea62074ea1b', '19.00', '19.00', true, '2023-05-02T14:46:23.000Z', '39b032b3-4eea-4fff-915c-3d50b3e3f4e5', null, null, true, '1ff54fa2-e714-4361-aedd-5af0a0a636ba', 'e9c91fd6-3b8d-11eb-adc1-0242ac120002', '8219b73c-9f1a-4462-9b6b-7271bba143f3', '2023-05-02T14:46:23.000Z', '2023-05-02T14:46:23.000Z', null);
INSERT INTO t_patient_examination (mrn, uid_registration, uid_test, value, value_string, value_memo, is_verify, verify_date, print_date, uid_verify_by, uid_instrument, is_acc, acc_date, is_edit, flag, pending_date, pending_by, uid_acc_by, uid_created_by, uid_action_by, uid_package, uid_panel, uid_parent, uid_nilai_normal, uid, enabled, uid_profile, uid_object, created_at, updated_at, approve_mobile, uid_rolebase, role_text, sign, id_order, is_duplo) VALUES('264442', '4f3d38de-180f-4572-917e-81dd5787a75b', '75ebe910-6c49-4c5c-83bf-de3998a75cc3', '0.20', null, null, true, '2023-05-02T14:46:23.000Z', null, '39b032b3-4eea-4fff-915c-3d50b3e3f4e5', null, true, '2023-05-02T14:46:25.000Z', false, '-', '1970-01-01T00:00:00.000Z', null, '39b032b3-4eea-4fff-915c-3d50b3e3f4e5', 'fbc7d7e9-de2d-4788-a0e5-09908b5da112', null, null, 'e48ac0c9-a459-4720-903a-9b8e55cb59f4', null, '2c7389ae-0f07-451f-8f16-d6162908f41a', '91f0d0bd-2b1d-4814-bf9f-ae3ba3fc50d4', true, '1ff54fa2-e714-4361-aedd-5af0a0a636ba', '4535b3d8-3b62-11eb-adc1-0242ac120002','2023-05-02T14:39:55.000Z', '2023-05-02T14:46:25.000Z', false, null,null,null, null,false);
INSERT INTO t_history_approve (uid_examination, uid_test, value, value_string, is_acc, acc_date, uid_acc_by, flag, value_memo, enabled, uid_profile, uid_object, uid, created_at, updated_at, reason) VALUES('91f0d0bd-2b1d-4814-bf9f-ae3ba3fc50d4', '75ebe910-6c49-4c5c-83bf-de3998a75cc3', '0.20', null, true, '2023-05-02T14:46:25.000Z', '39b032b3-4eea-4fff-915c-3d50b3e3f4e5', '-', null, true, '1ff54fa2-e714-4361-aedd-5af0a0a636ba', 'e9c92242-3b8d-11eb-adc1-0242ac120002', '65f29dcd-366a-46c6-900b-075839fb58c7', '2023-05-02T14:46:25.000Z', '2023-05-02T14:46:25.000Z', null);
INSERT INTO t_history_verify (uid_examination, uid_test, value, value_string, is_verify, verify_date, uid_verify_by, flag, value_memo, enabled, uid_profile, uid_object, uid, created_at, updated_at, reason) VALUES('91f0d0bd-2b1d-4814-bf9f-ae3ba3fc50d4', '75ebe910-6c49-4c5c-83bf-de3998a75cc3', '0.20', '0.20', true, '2023-05-02T14:46:23.000Z', '39b032b3-4eea-4fff-915c-3d50b3e3f4e5', '-', null, true, '1ff54fa2-e714-4361-aedd-5af0a0a636ba', 'e9c91fd6-3b8d-11eb-adc1-0242ac120002', '2ffcd00c-c700-489e-a23b-48137e705c55', '2023-05-02T14:46:23.000Z', '2023-05-02T14:46:23.000Z', null);
INSERT INTO t_patient_examination (mrn, uid_registration, uid_test, value, value_string, value_memo, is_verify, verify_date, print_date, uid_verify_by, uid_instrument, is_acc, acc_date, is_edit, flag, pending_date, pending_by, uid_acc_by, uid_created_by, uid_action_by, uid_package, uid_panel, uid_parent, uid_nilai_normal, uid, enabled, uid_profile, uid_object, created_at, updated_at, approve_mobile, uid_rolebase, role_text, sign, id_order, is_duplo) VALUES('264442', '4f3d38de-180f-4572-917e-81dd5787a75b', '225927b6-74b7-4f71-8a2e-321b69c6e16f', '9.0', null, null, true, '2023-05-02T14:46:23.000Z', null, '39b032b3-4eea-4fff-915c-3d50b3e3f4e5', null, true, '2023-05-02T14:46:25.000Z', false, '-', '1970-01-01T00:00:00.000Z', null, '39b032b3-4eea-4fff-915c-3d50b3e3f4e5', 'fbc7d7e9-de2d-4788-a0e5-09908b5da112', null, null, 'e48ac0c9-a459-4720-903a-9b8e55cb59f4', null, '0b9b9f2d-3161-4136-b91d-73f79876dbad', '0bd4f747-2bec-47b0-b511-dac767b89709', true, '1ff54fa2-e714-4361-aedd-5af0a0a636ba', '4535b3d8-3b62-11eb-adc1-0242ac120002','2023-05-02T14:39:55.000Z', '2023-05-02T14:46:25.000Z', false, null,null,null, null,false);
INSERT INTO t_history_approve (uid_examination, uid_test, value, value_string, is_acc, acc_date, uid_acc_by, flag, value_memo, enabled, uid_profile, uid_object, uid, created_at, updated_at, reason) VALUES('0bd4f747-2bec-47b0-b511-dac767b89709', '225927b6-74b7-4f71-8a2e-321b69c6e16f', '9.0', null, true, '2023-05-02T14:46:25.000Z', '39b032b3-4eea-4fff-915c-3d50b3e3f4e5', '-', null, true, '1ff54fa2-e714-4361-aedd-5af0a0a636ba', 'e9c92242-3b8d-11eb-adc1-0242ac120002', '6e09f9dd-7b0c-4f42-8ebd-4bcc31ed3bcf', '2023-05-02T14:46:25.000Z', '2023-05-02T14:46:25.000Z', null);
INSERT INTO t_history_verify (uid_examination, uid_test, value, value_string, is_verify, verify_date, uid_verify_by, flag, value_memo, enabled, uid_profile, uid_object, uid, created_at, updated_at, reason) VALUES('0bd4f747-2bec-47b0-b511-dac767b89709', '225927b6-74b7-4f71-8a2e-321b69c6e16f', '9.0', '9.0', true, '2023-05-02T14:46:23.000Z', '39b032b3-4eea-4fff-915c-3d50b3e3f4e5', '-', null, true, '1ff54fa2-e714-4361-aedd-5af0a0a636ba', 'e9c91fd6-3b8d-11eb-adc1-0242ac120002', '81703bfb-09e4-413c-8ee5-9833eb91c4e2', '2023-05-02T14:46:23.000Z', '2023-05-02T14:46:23.000Z', null);
INSERT INTO t_patient_examination (mrn, uid_registration, uid_test, value, value_string, value_memo, is_verify, verify_date, print_date, uid_verify_by, uid_instrument, is_acc, acc_date, is_edit, flag, pending_date, pending_by, uid_acc_by, uid_created_by, uid_action_by, uid_package, uid_panel, uid_parent, uid_nilai_normal, uid, enabled, uid_profile, uid_object, created_at, updated_at, approve_mobile, uid_rolebase, role_text, sign, id_order, is_duplo) VALUES('264442', '4f3d38de-180f-4572-917e-81dd5787a75b', '02e8e09c-4179-4c05-b01e-a1728130da2e', '10.80', null, null, true, '2023-05-06T03:25:00.000Z', null, '39b032b3-4eea-4fff-915c-3d50b3e3f4e5', '36ba2172-b47c-42f9-934f-ded1fc43f064', true, '2023-05-06T03:25:07.000Z', true, 'L', '1970-01-01T00:00:00.000Z', null, '39b032b3-4eea-4fff-915c-3d50b3e3f4e5', null, null, null, 'e48ac0c9-a459-4720-903a-9b8e55cb59f4', null, '0bb6467f-534f-4ede-8b60-37bbd590d32a', 'd35d967b-ef46-45df-b803-8b0524f7c1d1', true, '1ff54fa2-e714-4361-aedd-5af0a0a636ba', '4535b3d8-3b62-11eb-adc1-0242ac120002','2023-05-02T14:39:55.000Z', '2023-05-06T03:25:07.000Z', false, null,null,null, null,false);
INSERT INTO t_history_approve (uid_examination, uid_test, value, value_string, is_acc, acc_date, uid_acc_by, flag, value_memo, enabled, uid_profile, uid_object, uid, created_at, updated_at, reason) VALUES('d35d967b-ef46-45df-b803-8b0524f7c1d1', '02e8e09c-4179-4c05-b01e-a1728130da2e', '10.80', null, true, '2023-05-02T14:46:25.000Z', '39b032b3-4eea-4fff-915c-3d50b3e3f4e5', 'L', null, true, '1ff54fa2-e714-4361-aedd-5af0a0a636ba', 'e9c92242-3b8d-11eb-adc1-0242ac120002', '2e533237-43f9-4b72-a5b6-1fa8972fc04e', '2023-05-02T14:46:25.000Z', '2023-05-02T14:46:25.000Z', null);
INSERT INTO t_history_verify (uid_examination, uid_test, value, value_string, is_verify, verify_date, uid_verify_by, flag, value_memo, enabled, uid_profile, uid_object, uid, created_at, updated_at, reason) VALUES('d35d967b-ef46-45df-b803-8b0524f7c1d1', '02e8e09c-4179-4c05-b01e-a1728130da2e', '10.80', '10.80', true, '2023-05-02T14:44:17.000Z', '39b032b3-4eea-4fff-915c-3d50b3e3f4e5', '-', null, true, '1ff54fa2-e714-4361-aedd-5af0a0a636ba', 'e9c91fd6-3b8d-11eb-adc1-0242ac120002', '4d006b82-f4fb-4184-8ac1-89b39b544deb', '2023-05-02T14:44:18.000Z', '2023-05-02T14:44:18.000Z', null);
INSERT INTO t_patient_examination (mrn, uid_registration, uid_test, value, value_string, value_memo, is_verify, verify_date, print_date, uid_verify_by, uid_instrument, is_acc, acc_date, is_edit, flag, pending_date, pending_by, uid_acc_by, uid_created_by, uid_action_by, uid_package, uid_panel, uid_parent, uid_nilai_normal, uid, enabled, uid_profile, uid_object, created_at, updated_at, approve_mobile, uid_rolebase, role_text, sign, id_order, is_duplo) VALUES('264442', '4f3d38de-180f-4572-917e-81dd5787a75b', 'ac0d3bce-be3a-46a5-9dcc-30d1c3bf98b5', '32', null, null, true, '2023-05-02T14:44:30.000Z', null, '39b032b3-4eea-4fff-915c-3d50b3e3f4e5', '36ba2172-b47c-42f9-934f-ded1fc43f064', true, '2023-05-02T14:46:25.000Z', true, 'L', '1970-01-01T00:00:00.000Z', null, '39b032b3-4eea-4fff-915c-3d50b3e3f4e5', null, null, null, 'e48ac0c9-a459-4720-903a-9b8e55cb59f4', null, null, '289dea22-ecf9-4227-97e1-c6155deee06a', true, '1ff54fa2-e714-4361-aedd-5af0a0a636ba', '4535b3d8-3b62-11eb-adc1-0242ac120002','2023-05-02T14:39:55.000Z', '2023-05-02T14:46:25.000Z', false, null,null,null, null,false);
INSERT INTO t_history_approve (uid_examination, uid_test, value, value_string, is_acc, acc_date, uid_acc_by, flag, value_memo, enabled, uid_profile, uid_object, uid, created_at, updated_at, reason) VALUES('289dea22-ecf9-4227-97e1-c6155deee06a', 'ac0d3bce-be3a-46a5-9dcc-30d1c3bf98b5', '32', null, true, '2023-05-02T14:46:25.000Z', '39b032b3-4eea-4fff-915c-3d50b3e3f4e5', 'L', null, true, '1ff54fa2-e714-4361-aedd-5af0a0a636ba', 'e9c92242-3b8d-11eb-adc1-0242ac120002', '7d54d676-219c-4d7d-a001-7786c3587b78', '2023-05-02T14:46:25.000Z', '2023-05-02T14:46:25.000Z', null);
INSERT INTO t_history_verify (uid_examination, uid_test, value, value_string, is_verify, verify_date, uid_verify_by, flag, value_memo, enabled, uid_profile, uid_object, uid, created_at, updated_at, reason) VALUES('289dea22-ecf9-4227-97e1-c6155deee06a', 'ac0d3bce-be3a-46a5-9dcc-30d1c3bf98b5', '32', '32', true, '2023-05-02T14:44:17.000Z', '39b032b3-4eea-4fff-915c-3d50b3e3f4e5', '-', null, true, '1ff54fa2-e714-4361-aedd-5af0a0a636ba', 'e9c91fd6-3b8d-11eb-adc1-0242ac120002', '47aca834-f6bc-4a47-9762-8022bcf36492', '2023-05-02T14:44:18.000Z', '2023-05-02T14:44:18.000Z', null);
INSERT INTO t_patient_examination (mrn, uid_registration, uid_test, value, value_string, value_memo, is_verify, verify_date, print_date, uid_verify_by, uid_instrument, is_acc, acc_date, is_edit, flag, pending_date, pending_by, uid_acc_by, uid_created_by, uid_action_by, uid_package, uid_panel, uid_parent, uid_nilai_normal, uid, enabled, uid_profile, uid_object, created_at, updated_at, approve_mobile, uid_rolebase, role_text, sign, id_order, is_duplo) VALUES('264442', '4f3d38de-180f-4572-917e-81dd5787a75b', 'db13ee51-2fb8-48f7-a702-46c19a1b477d', '337', null, null, true, '2023-05-02T14:44:30.000Z', null, '39b032b3-4eea-4fff-915c-3d50b3e3f4e5', '36ba2172-b47c-42f9-934f-ded1fc43f064', true, '2023-05-02T14:46:25.000Z', true, '-', '1970-01-01T00:00:00.000Z', null, '39b032b3-4eea-4fff-915c-3d50b3e3f4e5', null, null, null, 'e48ac0c9-a459-4720-903a-9b8e55cb59f4', null, null, 'b3b908e1-b6eb-447a-abd6-6db624a9639e', true, '1ff54fa2-e714-4361-aedd-5af0a0a636ba', '4535b3d8-3b62-11eb-adc1-0242ac120002','2023-05-02T14:39:55.000Z', '2023-05-02T14:46:25.000Z', false, null,null,null, null,false);
INSERT INTO t_history_approve (uid_examination, uid_test, value, value_string, is_acc, acc_date, uid_acc_by, flag, value_memo, enabled, uid_profile, uid_object, uid, created_at, updated_at, reason) VALUES('b3b908e1-b6eb-447a-abd6-6db624a9639e', 'db13ee51-2fb8-48f7-a702-46c19a1b477d', '337', null, true, '2023-05-02T14:46:25.000Z', '39b032b3-4eea-4fff-915c-3d50b3e3f4e5', '-', null, true, '1ff54fa2-e714-4361-aedd-5af0a0a636ba', 'e9c92242-3b8d-11eb-adc1-0242ac120002', '593908ad-6c53-4dfe-b46d-738245ef42c8', '2023-05-02T14:46:25.000Z', '2023-05-02T14:46:25.000Z', null);
INSERT INTO t_history_verify (uid_examination, uid_test, value, value_string, is_verify, verify_date, uid_verify_by, flag, value_memo, enabled, uid_profile, uid_object, uid, created_at, updated_at, reason) VALUES('b3b908e1-b6eb-447a-abd6-6db624a9639e', 'db13ee51-2fb8-48f7-a702-46c19a1b477d', '337', '337', true, '2023-05-02T14:44:17.000Z', '39b032b3-4eea-4fff-915c-3d50b3e3f4e5', '-', null, true, '1ff54fa2-e714-4361-aedd-5af0a0a636ba', 'e9c91fd6-3b8d-11eb-adc1-0242ac120002', 'b2f3e10b-a957-4a68-bc15-e64079044141', '2023-05-02T14:44:18.000Z', '2023-05-02T14:44:18.000Z', null);
INSERT INTO t_patient_examination (mrn, uid_registration, uid_test, value, value_string, value_memo, is_verify, verify_date, print_date, uid_verify_by, uid_instrument, is_acc, acc_date, is_edit, flag, pending_date, pending_by, uid_acc_by, uid_created_by, uid_action_by, uid_package, uid_panel, uid_parent, uid_nilai_normal, uid, enabled, uid_profile, uid_object, created_at, updated_at, approve_mobile, uid_rolebase, role_text, sign, id_order, is_duplo) VALUES('264442', '4f3d38de-180f-4572-917e-81dd5787a75b', '4eae137d-6936-4e5c-adbf-f7987746be07', '3.79', null, null, true, '2023-05-02T14:44:30.000Z', null, '39b032b3-4eea-4fff-915c-3d50b3e3f4e5', '36ba2172-b47c-42f9-934f-ded1fc43f064', true, '2023-05-02T14:46:25.000Z', true, 'L', '1970-01-01T00:00:00.000Z', null, '39b032b3-4eea-4fff-915c-3d50b3e3f4e5', null, null, null, 'e48ac0c9-a459-4720-903a-9b8e55cb59f4', null, null, 'bc45154e-60dd-4a4a-9cbd-63cfc48c8c56', true, '1ff54fa2-e714-4361-aedd-5af0a0a636ba', '4535b3d8-3b62-11eb-adc1-0242ac120002','2023-05-02T14:39:55.000Z', '2023-05-02T14:46:25.000Z', false, null,null,null, null,false);
INSERT INTO t_history_approve (uid_examination, uid_test, value, value_string, is_acc, acc_date, uid_acc_by, flag, value_memo, enabled, uid_profile, uid_object, uid, created_at, updated_at, reason) VALUES('bc45154e-60dd-4a4a-9cbd-63cfc48c8c56', '4eae137d-6936-4e5c-adbf-f7987746be07', '3.79', null, true, '2023-05-02T14:46:25.000Z', '39b032b3-4eea-4fff-915c-3d50b3e3f4e5', 'L', null, true, '1ff54fa2-e714-4361-aedd-5af0a0a636ba', 'e9c92242-3b8d-11eb-adc1-0242ac120002', 'b8a702b1-1b4b-47eb-a1ec-56fa7d390bb2', '2023-05-02T14:46:25.000Z', '2023-05-02T14:46:25.000Z', null);
INSERT INTO t_history_verify (uid_examination, uid_test, value, value_string, is_verify, verify_date, uid_verify_by, flag, value_memo, enabled, uid_profile, uid_object, uid, created_at, updated_at, reason) VALUES('bc45154e-60dd-4a4a-9cbd-63cfc48c8c56', '4eae137d-6936-4e5c-adbf-f7987746be07', '3.79', '3.79', true, '2023-05-02T14:44:17.000Z', '39b032b3-4eea-4fff-915c-3d50b3e3f4e5', '-', null, true, '1ff54fa2-e714-4361-aedd-5af0a0a636ba', 'e9c91fd6-3b8d-11eb-adc1-0242ac120002', '6fc959ec-5f07-40df-8cc9-6dc43e3257c5', '2023-05-02T14:44:18.000Z', '2023-05-02T14:44:18.000Z', null);
INSERT INTO t_patient_examination (mrn, uid_registration, uid_test, value, value_string, value_memo, is_verify, verify_date, print_date, uid_verify_by, uid_instrument, is_acc, acc_date, is_edit, flag, pending_date, pending_by, uid_acc_by, uid_created_by, uid_action_by, uid_package, uid_panel, uid_parent, uid_nilai_normal, uid, enabled, uid_profile, uid_object, created_at, updated_at, approve_mobile, uid_rolebase, role_text, sign, id_order, is_duplo) VALUES('264442', '4f3d38de-180f-4572-917e-81dd5787a75b', 'cdc0d5e6-e07b-4131-b760-c11b6998a500', '8.2', null, null, true, '2023-05-02T14:44:30.000Z', null, '39b032b3-4eea-4fff-915c-3d50b3e3f4e5', '36ba2172-b47c-42f9-934f-ded1fc43f064', true, '2023-05-02T14:46:25.000Z', true, '-', '1970-01-01T00:00:00.000Z', null, '39b032b3-4eea-4fff-915c-3d50b3e3f4e5', null, null, null, 'e48ac0c9-a459-4720-903a-9b8e55cb59f4', null, null, 'b62d398a-107b-440f-ace6-b847919a079c', true, '1ff54fa2-e714-4361-aedd-5af0a0a636ba', '4535b3d8-3b62-11eb-adc1-0242ac120002','2023-05-02T14:39:55.000Z', '2023-05-02T14:46:25.000Z', false, null,null,null, null,false);
INSERT INTO t_history_approve (uid_examination, uid_test, value, value_string, is_acc, acc_date, uid_acc_by, flag, value_memo, enabled, uid_profile, uid_object, uid, created_at, updated_at, reason) VALUES('b62d398a-107b-440f-ace6-b847919a079c', 'cdc0d5e6-e07b-4131-b760-c11b6998a500', '8.2', null, true, '2023-05-02T14:46:25.000Z', '39b032b3-4eea-4fff-915c-3d50b3e3f4e5', '-', null, true, '1ff54fa2-e714-4361-aedd-5af0a0a636ba', 'e9c92242-3b8d-11eb-adc1-0242ac120002', 'd7f7d799-871c-42ee-b3bf-f92e1f4034f0', '2023-05-02T14:46:25.000Z', '2023-05-02T14:46:25.000Z', null);
INSERT INTO t_history_verify (uid_examination, uid_test, value, value_string, is_verify, verify_date, uid_verify_by, flag, value_memo, enabled, uid_profile, uid_object, uid, created_at, updated_at, reason) VALUES('b62d398a-107b-440f-ace6-b847919a079c', 'cdc0d5e6-e07b-4131-b760-c11b6998a500', '8.2', '8.2', true, '2023-05-02T14:44:17.000Z', '39b032b3-4eea-4fff-915c-3d50b3e3f4e5', '-', null, true, '1ff54fa2-e714-4361-aedd-5af0a0a636ba', 'e9c91fd6-3b8d-11eb-adc1-0242ac120002', 'bd088473-69f4-4e60-bab7-e1fa7eee4a03', '2023-05-02T14:44:18.000Z', '2023-05-02T14:44:18.000Z', null);
INSERT INTO t_patient_examination (mrn, uid_registration, uid_test, value, value_string, value_memo, is_verify, verify_date, print_date, uid_verify_by, uid_instrument, is_acc, acc_date, is_edit, flag, pending_date, pending_by, uid_acc_by, uid_created_by, uid_action_by, uid_package, uid_panel, uid_parent, uid_nilai_normal, uid, enabled, uid_profile, uid_object, created_at, updated_at, approve_mobile, uid_rolebase, role_text, sign, id_order, is_duplo) VALUES('264442', '4f3d38de-180f-4572-917e-81dd5787a75b', '1a737bc1-52d5-45c4-a386-80a0dcf6b19a', '83.8', null, null, true, '2023-05-02T14:44:30.000Z', null, '39b032b3-4eea-4fff-915c-3d50b3e3f4e5', '36ba2172-b47c-42f9-934f-ded1fc43f064', true, '2023-05-02T14:46:25.000Z', true, '-', '1970-01-01T00:00:00.000Z', null, '39b032b3-4eea-4fff-915c-3d50b3e3f4e5', null, null, null, 'e48ac0c9-a459-4720-903a-9b8e55cb59f4', null, null, '6109935b-f708-4ae4-9f42-222410a719c3', true, '1ff54fa2-e714-4361-aedd-5af0a0a636ba', '4535b3d8-3b62-11eb-adc1-0242ac120002','2023-05-02T14:39:55.000Z', '2023-05-02T14:46:25.000Z', false, null,null,null, null,false);
INSERT INTO t_history_approve (uid_examination, uid_test, value, value_string, is_acc, acc_date, uid_acc_by, flag, value_memo, enabled, uid_profile, uid_object, uid, created_at, updated_at, reason) VALUES('6109935b-f708-4ae4-9f42-222410a719c3', '1a737bc1-52d5-45c4-a386-80a0dcf6b19a', '83.8', null, true, '2023-05-02T14:46:25.000Z', '39b032b3-4eea-4fff-915c-3d50b3e3f4e5', '-', null, true, '1ff54fa2-e714-4361-aedd-5af0a0a636ba', 'e9c92242-3b8d-11eb-adc1-0242ac120002', 'e3164129-9852-4605-abcf-4782804502e2', '2023-05-02T14:46:25.000Z', '2023-05-02T14:46:25.000Z', null);
INSERT INTO t_history_verify (uid_examination, uid_test, value, value_string, is_verify, verify_date, uid_verify_by, flag, value_memo, enabled, uid_profile, uid_object, uid, created_at, updated_at, reason) VALUES('6109935b-f708-4ae4-9f42-222410a719c3', '1a737bc1-52d5-45c4-a386-80a0dcf6b19a', '83.8', '83.8', true, '2023-05-02T14:44:17.000Z', '39b032b3-4eea-4fff-915c-3d50b3e3f4e5', '-', null, true, '1ff54fa2-e714-4361-aedd-5af0a0a636ba', 'e9c91fd6-3b8d-11eb-adc1-0242ac120002', '4f623975-874f-441f-804c-9fc25602e954', '2023-05-02T14:44:18.000Z', '2023-05-02T14:44:18.000Z', null);
INSERT INTO t_patient_examination (mrn, uid_registration, uid_test, value, value_string, value_memo, is_verify, verify_date, print_date, uid_verify_by, uid_instrument, is_acc, acc_date, is_edit, flag, pending_date, pending_by, uid_acc_by, uid_created_by, uid_action_by, uid_package, uid_panel, uid_parent, uid_nilai_normal, uid, enabled, uid_profile, uid_object, created_at, updated_at, approve_mobile, uid_rolebase, role_text, sign, id_order, is_duplo) VALUES('264442', '4f3d38de-180f-4572-917e-81dd5787a75b', '99f84e88-872c-4749-878d-e7928ae7d82f', '28.4', null, null, true, '2023-05-02T14:44:30.000Z', null, '39b032b3-4eea-4fff-915c-3d50b3e3f4e5', '36ba2172-b47c-42f9-934f-ded1fc43f064', true, '2023-05-02T14:46:25.000Z', true, '-', '1970-01-01T00:00:00.000Z', null, '39b032b3-4eea-4fff-915c-3d50b3e3f4e5', null, null, null, 'e48ac0c9-a459-4720-903a-9b8e55cb59f4', null, null, 'bb12d5eb-5cde-4089-bb8e-cfc815b9c4a1', true, '1ff54fa2-e714-4361-aedd-5af0a0a636ba', '4535b3d8-3b62-11eb-adc1-0242ac120002','2023-05-02T14:39:55.000Z', '2023-05-02T14:46:25.000Z', false, null,null,null, null,false);
INSERT INTO t_history_approve (uid_examination, uid_test, value, value_string, is_acc, acc_date, uid_acc_by, flag, value_memo, enabled, uid_profile, uid_object, uid, created_at, updated_at, reason) VALUES('bb12d5eb-5cde-4089-bb8e-cfc815b9c4a1', '99f84e88-872c-4749-878d-e7928ae7d82f', '28.4', null, true, '2023-05-02T14:46:25.000Z', '39b032b3-4eea-4fff-915c-3d50b3e3f4e5', '-', null, true, '1ff54fa2-e714-4361-aedd-5af0a0a636ba', 'e9c92242-3b8d-11eb-adc1-0242ac120002', '1c62c2e4-3398-43dc-b5a3-99bf6937c825', '2023-05-02T14:46:25.000Z', '2023-05-02T14:46:25.000Z', null);
INSERT INTO t_history_verify (uid_examination, uid_test, value, value_string, is_verify, verify_date, uid_verify_by, flag, value_memo, enabled, uid_profile, uid_object, uid, created_at, updated_at, reason) VALUES('bb12d5eb-5cde-4089-bb8e-cfc815b9c4a1', '99f84e88-872c-4749-878d-e7928ae7d82f', '28.4', '28.4', true, '2023-05-02T14:44:17.000Z', '39b032b3-4eea-4fff-915c-3d50b3e3f4e5', '-', null, true, '1ff54fa2-e714-4361-aedd-5af0a0a636ba', 'e9c91fd6-3b8d-11eb-adc1-0242ac120002', '9feb069e-5d19-4281-8d20-773e4207e7ce', '2023-05-02T14:44:18.000Z', '2023-05-02T14:44:18.000Z', null);
INSERT INTO t_patient_examination (mrn, uid_registration, uid_test, value, value_string, value_memo, is_verify, verify_date, print_date, uid_verify_by, uid_instrument, is_acc, acc_date, is_edit, flag, pending_date, pending_by, uid_acc_by, uid_created_by, uid_action_by, uid_package, uid_panel, uid_parent, uid_nilai_normal, uid, enabled, uid_profile, uid_object, created_at, updated_at, approve_mobile, uid_rolebase, role_text, sign, id_order, is_duplo) VALUES('264442', '4f3d38de-180f-4572-917e-81dd5787a75b', 'b71847a1-b9de-4f32-8776-2ca1fbe5957b', '33.9', null, null, true, '2023-05-02T14:44:30.000Z', null, '39b032b3-4eea-4fff-915c-3d50b3e3f4e5', '36ba2172-b47c-42f9-934f-ded1fc43f064', true, '2023-05-02T14:46:25.000Z', true, '-', '1970-01-01T00:00:00.000Z', null, '39b032b3-4eea-4fff-915c-3d50b3e3f4e5', null, null, null, 'e48ac0c9-a459-4720-903a-9b8e55cb59f4', null, null, '90eabffe-a73c-4e61-a67a-94ab80f343ca', true, '1ff54fa2-e714-4361-aedd-5af0a0a636ba', '4535b3d8-3b62-11eb-adc1-0242ac120002','2023-05-02T14:39:55.000Z', '2023-05-02T14:46:25.000Z', false, null,null,null, null,false);
INSERT INTO t_history_approve (uid_examination, uid_test, value, value_string, is_acc, acc_date, uid_acc_by, flag, value_memo, enabled, uid_profile, uid_object, uid, created_at, updated_at, reason) VALUES('90eabffe-a73c-4e61-a67a-94ab80f343ca', 'b71847a1-b9de-4f32-8776-2ca1fbe5957b', '33.9', null, true, '2023-05-02T14:46:25.000Z', '39b032b3-4eea-4fff-915c-3d50b3e3f4e5', '-', null, true, '1ff54fa2-e714-4361-aedd-5af0a0a636ba', 'e9c92242-3b8d-11eb-adc1-0242ac120002', '81f8f996-26e8-4bd9-abcd-1545cfcd8fa8', '2023-05-02T14:46:25.000Z', '2023-05-02T14:46:25.000Z', null);
INSERT INTO t_history_verify (uid_examination, uid_test, value, value_string, is_verify, verify_date, uid_verify_by, flag, value_memo, enabled, uid_profile, uid_object, uid, created_at, updated_at, reason) VALUES('90eabffe-a73c-4e61-a67a-94ab80f343ca', 'b71847a1-b9de-4f32-8776-2ca1fbe5957b', '33.9', '33.9', true, '2023-05-02T14:44:17.000Z', '39b032b3-4eea-4fff-915c-3d50b3e3f4e5', '-', null, true, '1ff54fa2-e714-4361-aedd-5af0a0a636ba', 'e9c91fd6-3b8d-11eb-adc1-0242ac120002', '4ca45935-363b-4c0e-ac75-c199e0ead982', '2023-05-02T14:44:18.000Z', '2023-05-02T14:44:18.000Z', null);
INSERT INTO t_patient_examination (mrn, uid_registration, uid_test, value, value_string, value_memo, is_verify, verify_date, print_date, uid_verify_by, uid_instrument, is_acc, acc_date, is_edit, flag, pending_date, pending_by, uid_acc_by, uid_created_by, uid_action_by, uid_package, uid_panel, uid_parent, uid_nilai_normal, uid, enabled, uid_profile, uid_object, created_at, updated_at, approve_mobile, uid_rolebase, role_text, sign, id_order, is_duplo) VALUES('264442', '4f3d38de-180f-4572-917e-81dd5787a75b', '587e60e3-ec9c-4463-8e55-563a8492152f', '93.5', null, null, true, '2023-05-02T14:44:30.000Z', null, '39b032b3-4eea-4fff-915c-3d50b3e3f4e5', '36ba2172-b47c-42f9-934f-ded1fc43f064', true, '2023-05-02T14:46:25.000Z', true, 'H', '1970-01-01T00:00:00.000Z', null, '39b032b3-4eea-4fff-915c-3d50b3e3f4e5', null, null, null, 'e48ac0c9-a459-4720-903a-9b8e55cb59f4', null, null, '5daabadb-1d6a-4a05-a9bb-b1fbdb369ed4', true, '1ff54fa2-e714-4361-aedd-5af0a0a636ba', '130867b4-4f1e-4d6d-8dc2-81294b7d1964','2023-05-02T14:17:07.000Z', '2023-05-02T14:46:25.000Z', false, null,null,null, null,false);
INSERT INTO t_history_approve (uid_examination, uid_test, value, value_string, is_acc, acc_date, uid_acc_by, flag, value_memo, enabled, uid_profile, uid_object, uid, created_at, updated_at, reason) VALUES('5daabadb-1d6a-4a05-a9bb-b1fbdb369ed4', '587e60e3-ec9c-4463-8e55-563a8492152f', '93.5', null, true, '2023-05-02T14:46:25.000Z', '39b032b3-4eea-4fff-915c-3d50b3e3f4e5', 'H', null, true, '1ff54fa2-e714-4361-aedd-5af0a0a636ba', 'e9c92242-3b8d-11eb-adc1-0242ac120002', 'f7210e8d-0db6-48b3-b643-07d824320460', '2023-05-02T14:46:25.000Z', '2023-05-02T14:46:25.000Z', null);
INSERT INTO t_history_verify (uid_examination, uid_test, value, value_string, is_verify, verify_date, uid_verify_by, flag, value_memo, enabled, uid_profile, uid_object, uid, created_at, updated_at, reason) VALUES('5daabadb-1d6a-4a05-a9bb-b1fbdb369ed4', '587e60e3-ec9c-4463-8e55-563a8492152f', '93.5', '93.5', true, '2023-05-02T14:44:17.000Z', '39b032b3-4eea-4fff-915c-3d50b3e3f4e5', '-', null, true, '1ff54fa2-e714-4361-aedd-5af0a0a636ba', 'e9c91fd6-3b8d-11eb-adc1-0242ac120002', '74d271c3-0f1a-4b9b-bec6-87531971affb', '2023-05-02T14:44:18.000Z', '2023-05-02T14:44:18.000Z', null);
INSERT INTO t_patient_examination (mrn, uid_registration, uid_test, value, value_string, value_memo, is_verify, verify_date, print_date, uid_verify_by, uid_instrument, is_acc, acc_date, is_edit, flag, pending_date, pending_by, uid_acc_by, uid_created_by, uid_action_by, uid_package, uid_panel, uid_parent, uid_nilai_normal, uid, enabled, uid_profile, uid_object, created_at, updated_at, approve_mobile, uid_rolebase, role_text, sign, id_order, is_duplo) VALUES('264442', '4f3d38de-180f-4572-917e-81dd5787a75b', 'e39532c0-0895-4528-913a-12be3c063aac', '0.0', null, null, true, '2023-05-02T14:44:30.000Z', null, '39b032b3-4eea-4fff-915c-3d50b3e3f4e5', '36ba2172-b47c-42f9-934f-ded1fc43f064', true, '2023-05-02T14:46:25.000Z', true, '-', '1970-01-01T00:00:00.000Z', null, '39b032b3-4eea-4fff-915c-3d50b3e3f4e5', null, null, null, 'e48ac0c9-a459-4720-903a-9b8e55cb59f4', '2631bf5c-350c-48bd-bb60-a440936968e3', null, '3d3517f3-989a-44ea-b8c1-4b698fdde5cb', true, '1ff54fa2-e714-4361-aedd-5af0a0a636ba', '130867b4-4f1e-4d6d-8dc2-81294b7d1964','2023-05-02T14:17:07.000Z', '2023-05-02T14:46:25.000Z', false, null,null,null, null,false);
INSERT INTO t_history_approve (uid_examination, uid_test, value, value_string, is_acc, acc_date, uid_acc_by, flag, value_memo, enabled, uid_profile, uid_object, uid, created_at, updated_at, reason) VALUES('3d3517f3-989a-44ea-b8c1-4b698fdde5cb', 'e39532c0-0895-4528-913a-12be3c063aac', '0.0', null, true, '2023-05-02T14:46:25.000Z', '39b032b3-4eea-4fff-915c-3d50b3e3f4e5', '-', null, true, '1ff54fa2-e714-4361-aedd-5af0a0a636ba', 'e9c92242-3b8d-11eb-adc1-0242ac120002', '8ba28b29-7571-432f-b7e9-a7293d06fa97', '2023-05-02T14:46:25.000Z', '2023-05-02T14:46:25.000Z', null);
INSERT INTO t_history_verify (uid_examination, uid_test, value, value_string, is_verify, verify_date, uid_verify_by, flag, value_memo, enabled, uid_profile, uid_object, uid, created_at, updated_at, reason) VALUES('3d3517f3-989a-44ea-b8c1-4b698fdde5cb', 'e39532c0-0895-4528-913a-12be3c063aac', '0', '0', true, '2023-05-02T14:44:17.000Z', '39b032b3-4eea-4fff-915c-3d50b3e3f4e5', '-', null, true, '1ff54fa2-e714-4361-aedd-5af0a0a636ba', 'e9c91fd6-3b8d-11eb-adc1-0242ac120002', '79d7d818-5107-48bf-8945-f9e9218d114c', '2023-05-02T14:44:18.000Z', '2023-05-02T14:44:18.000Z', null);
INSERT INTO t_patient_examination (mrn, uid_registration, uid_test, value, value_string, value_memo, is_verify, verify_date, print_date, uid_verify_by, uid_instrument, is_acc, acc_date, is_edit, flag, pending_date, pending_by, uid_acc_by, uid_created_by, uid_action_by, uid_package, uid_panel, uid_parent, uid_nilai_normal, uid, enabled, uid_profile, uid_object, created_at, updated_at, approve_mobile, uid_rolebase, role_text, sign, id_order, is_duplo) VALUES('264442', '4f3d38de-180f-4572-917e-81dd5787a75b', 'f09c93d3-c5e8-4862-9a61-c8fc21c43d3a', '17.9', null, null, true, '2023-05-02T14:44:30.000Z', null, '39b032b3-4eea-4fff-915c-3d50b3e3f4e5', '36ba2172-b47c-42f9-934f-ded1fc43f064', true, '2023-05-02T14:46:25.000Z', true, '-', '1970-01-01T00:00:00.000Z', null, '39b032b3-4eea-4fff-915c-3d50b3e3f4e5', null, null, null, 'e48ac0c9-a459-4720-903a-9b8e55cb59f4', '2631bf5c-350c-48bd-bb60-a440936968e3', null, 'a8263472-9739-4615-a7f4-567f183c8b33', true, '1ff54fa2-e714-4361-aedd-5af0a0a636ba', '130867b4-4f1e-4d6d-8dc2-81294b7d1964','2023-05-02T14:17:07.000Z', '2023-05-02T14:46:25.000Z', false, null,null,null, null,false);
INSERT INTO t_history_approve (uid_examination, uid_test, value, value_string, is_acc, acc_date, uid_acc_by, flag, value_memo, enabled, uid_profile, uid_object, uid, created_at, updated_at, reason) VALUES('a8263472-9739-4615-a7f4-567f183c8b33', 'f09c93d3-c5e8-4862-9a61-c8fc21c43d3a', '17.9', null, true, '2023-05-02T14:46:25.000Z', '39b032b3-4eea-4fff-915c-3d50b3e3f4e5', '-', null, true, '1ff54fa2-e714-4361-aedd-5af0a0a636ba', 'e9c92242-3b8d-11eb-adc1-0242ac120002', '9063968a-19e9-42b3-880b-dccb53e04db6', '2023-05-02T14:46:25.000Z', '2023-05-02T14:46:25.000Z', null);
INSERT INTO t_history_verify (uid_examination, uid_test, value, value_string, is_verify, verify_date, uid_verify_by, flag, value_memo, enabled, uid_profile, uid_object, uid, created_at, updated_at, reason) VALUES('a8263472-9739-4615-a7f4-567f183c8b33', 'f09c93d3-c5e8-4862-9a61-c8fc21c43d3a', '17.9', '17.9', true, '2023-05-02T14:44:17.000Z', '39b032b3-4eea-4fff-915c-3d50b3e3f4e5', '-', null, true, '1ff54fa2-e714-4361-aedd-5af0a0a636ba', 'e9c91fd6-3b8d-11eb-adc1-0242ac120002', '4969428b-fc45-44fb-9d6f-1a6ab1e85b6d', '2023-05-02T14:44:18.000Z', '2023-05-02T14:44:18.000Z', null);
INSERT INTO t_patient_examination (mrn, uid_registration, uid_test, value, value_string, value_memo, is_verify, verify_date, print_date, uid_verify_by, uid_instrument, is_acc, acc_date, is_edit, flag, pending_date, pending_by, uid_acc_by, uid_created_by, uid_action_by, uid_package, uid_panel, uid_parent, uid_nilai_normal, uid, enabled, uid_profile, uid_object, created_at, updated_at, approve_mobile, uid_rolebase, role_text, sign, id_order, is_duplo) VALUES('264442', '4f3d38de-180f-4572-917e-81dd5787a75b', '3917e159-2b79-4483-96ac-5435a8adfde1', '0.27', null, null, true, '2023-05-02T14:44:30.000Z', null, '39b032b3-4eea-4fff-915c-3d50b3e3f4e5', '36ba2172-b47c-42f9-934f-ded1fc43f064', true, '2023-05-02T14:46:25.000Z', true, '-', '1970-01-01T00:00:00.000Z', null, '39b032b3-4eea-4fff-915c-3d50b3e3f4e5', null, null, null, 'e48ac0c9-a459-4720-903a-9b8e55cb59f4', '2631bf5c-350c-48bd-bb60-a440936968e3', null, 'bebcbcd2-723c-4fa6-b527-b1cc133f5a4a', true, '1ff54fa2-e714-4361-aedd-5af0a0a636ba', '130867b4-4f1e-4d6d-8dc2-81294b7d1964','2023-05-02T14:17:07.000Z', '2023-05-02T14:46:25.000Z', false, null,null,null, null,false);
INSERT INTO t_history_approve (uid_examination, uid_test, value, value_string, is_acc, acc_date, uid_acc_by, flag, value_memo, enabled, uid_profile, uid_object, uid, created_at, updated_at, reason) VALUES('bebcbcd2-723c-4fa6-b527-b1cc133f5a4a', '3917e159-2b79-4483-96ac-5435a8adfde1', '0.27', null, true, '2023-05-02T14:46:25.000Z', '39b032b3-4eea-4fff-915c-3d50b3e3f4e5', '-', null, true, '1ff54fa2-e714-4361-aedd-5af0a0a636ba', 'e9c92242-3b8d-11eb-adc1-0242ac120002', '2f1810a7-d6a6-4241-9d0d-c33abffc899a', '2023-05-02T14:46:25.000Z', '2023-05-02T14:46:25.000Z', null);
INSERT INTO t_history_verify (uid_examination, uid_test, value, value_string, is_verify, verify_date, uid_verify_by, flag, value_memo, enabled, uid_profile, uid_object, uid, created_at, updated_at, reason) VALUES('bebcbcd2-723c-4fa6-b527-b1cc133f5a4a', '3917e159-2b79-4483-96ac-5435a8adfde1', '0.27', '0.27', true, '2023-05-02T14:44:17.000Z', '39b032b3-4eea-4fff-915c-3d50b3e3f4e5', '-', null, true, '1ff54fa2-e714-4361-aedd-5af0a0a636ba', 'e9c91fd6-3b8d-11eb-adc1-0242ac120002', '46ae3b35-418f-4e0c-87f5-98dad3c68634', '2023-05-02T14:44:18.000Z', '2023-05-02T14:44:18.000Z', null);
INSERT INTO t_patient_examination (mrn, uid_registration, uid_test, value, value_string, value_memo, is_verify, verify_date, print_date, uid_verify_by, uid_instrument, is_acc, acc_date, is_edit, flag, pending_date, pending_by, uid_acc_by, uid_created_by, uid_action_by, uid_package, uid_panel, uid_parent, uid_nilai_normal, uid, enabled, uid_profile, uid_object, created_at, updated_at, approve_mobile, uid_rolebase, role_text, sign, id_order, is_duplo) VALUES('264442', '4f3d38de-180f-4572-917e-81dd5787a75b', 'fb7d3006-73e0-454f-b6c4-4766dc1086f4', '0.13', null, null, true, '2023-05-02T14:44:30.000Z', null, '39b032b3-4eea-4fff-915c-3d50b3e3f4e5', '36ba2172-b47c-42f9-934f-ded1fc43f064', true, '2023-05-02T14:46:25.000Z', true, '-', '1970-01-01T00:00:00.000Z', null, '39b032b3-4eea-4fff-915c-3d50b3e3f4e5', null, null, null, 'e48ac0c9-a459-4720-903a-9b8e55cb59f4', '2631bf5c-350c-48bd-bb60-a440936968e3', null, '54853bdd-5b38-45ac-9ade-3cd6c79b247d', true, '1ff54fa2-e714-4361-aedd-5af0a0a636ba', '130867b4-4f1e-4d6d-8dc2-81294b7d1964','2023-05-02T14:17:07.000Z', '2023-05-02T14:46:25.000Z', false, null,null,null, null,false);
INSERT INTO t_history_approve (uid_examination, uid_test, value, value_string, is_acc, acc_date, uid_acc_by, flag, value_memo, enabled, uid_profile, uid_object, uid, created_at, updated_at, reason) VALUES('54853bdd-5b38-45ac-9ade-3cd6c79b247d', 'fb7d3006-73e0-454f-b6c4-4766dc1086f4', '0.13', null, true, '2023-05-02T14:46:25.000Z', '39b032b3-4eea-4fff-915c-3d50b3e3f4e5', '-', null, true, '1ff54fa2-e714-4361-aedd-5af0a0a636ba', 'e9c92242-3b8d-11eb-adc1-0242ac120002', 'c1f4fe69-5366-43eb-aec6-c7aa6ff67e82', '2023-05-02T14:46:25.000Z', '2023-05-02T14:46:25.000Z', null);
INSERT INTO t_history_verify (uid_examination, uid_test, value, value_string, is_verify, verify_date, uid_verify_by, flag, value_memo, enabled, uid_profile, uid_object, uid, created_at, updated_at, reason) VALUES('54853bdd-5b38-45ac-9ade-3cd6c79b247d', 'fb7d3006-73e0-454f-b6c4-4766dc1086f4', '0.13', '0.13', true, '2023-05-02T14:44:17.000Z', '39b032b3-4eea-4fff-915c-3d50b3e3f4e5', '-', null, true, '1ff54fa2-e714-4361-aedd-5af0a0a636ba', 'e9c91fd6-3b8d-11eb-adc1-0242ac120002', 'c7b919da-f2cc-40d8-81c4-5b6ac685c2a7', '2023-05-02T14:44:18.000Z', '2023-05-02T14:44:18.000Z', null);
INSERT INTO t_patient_examination (mrn, uid_registration, uid_test, value, value_string, value_memo, is_verify, verify_date, print_date, uid_verify_by, uid_instrument, is_acc, acc_date, is_edit, flag, pending_date, pending_by, uid_acc_by, uid_created_by, uid_action_by, uid_package, uid_panel, uid_parent, uid_nilai_normal, uid, enabled, uid_profile, uid_object, created_at, updated_at, approve_mobile, uid_rolebase, role_text, sign, id_order, is_duplo) VALUES('264442', '4f3d38de-180f-4572-917e-81dd5787a75b', '166384d4-515d-4b1a-a682-ba1b6e6472e8', '0.00', null, null, true, '2023-05-02T14:44:30.000Z', null, '39b032b3-4eea-4fff-915c-3d50b3e3f4e5', '36ba2172-b47c-42f9-934f-ded1fc43f064', true, '2023-05-02T14:46:25.000Z', true, '-', '1970-01-01T00:00:00.000Z', null, '39b032b3-4eea-4fff-915c-3d50b3e3f4e5', null, null, null, 'e48ac0c9-a459-4720-903a-9b8e55cb59f4', '2631bf5c-350c-48bd-bb60-a440936968e3', null, 'ef304b0c-4386-49b2-a62e-2aa9e06097e0', true, '1ff54fa2-e714-4361-aedd-5af0a0a636ba', '130867b4-4f1e-4d6d-8dc2-81294b7d1964','2023-05-02T14:17:07.000Z', '2023-05-02T14:46:25.000Z', false, null,null,null, null,false);
INSERT INTO t_history_approve (uid_examination, uid_test, value, value_string, is_acc, acc_date, uid_acc_by, flag, value_memo, enabled, uid_profile, uid_object, uid, created_at, updated_at, reason) VALUES('ef304b0c-4386-49b2-a62e-2aa9e06097e0', '166384d4-515d-4b1a-a682-ba1b6e6472e8', '0.00', null, true, '2023-05-02T14:46:25.000Z', '39b032b3-4eea-4fff-915c-3d50b3e3f4e5', '-', null, true, '1ff54fa2-e714-4361-aedd-5af0a0a636ba', 'e9c92242-3b8d-11eb-adc1-0242ac120002', 'eba9777f-bba8-46e0-9d4a-83334220fee6', '2023-05-02T14:46:25.000Z', '2023-05-02T14:46:25.000Z', null);
INSERT INTO t_history_verify (uid_examination, uid_test, value, value_string, is_verify, verify_date, uid_verify_by, flag, value_memo, enabled, uid_profile, uid_object, uid, created_at, updated_at, reason) VALUES('ef304b0c-4386-49b2-a62e-2aa9e06097e0', '166384d4-515d-4b1a-a682-ba1b6e6472e8', '0.00', '0.00', true, '2023-05-02T14:44:17.000Z', '39b032b3-4eea-4fff-915c-3d50b3e3f4e5', '-', null, true, '1ff54fa2-e714-4361-aedd-5af0a0a636ba', 'e9c91fd6-3b8d-11eb-adc1-0242ac120002', 'd8af3e17-a265-4226-95bb-f9c5225de97d', '2023-05-02T14:44:18.000Z', '2023-05-02T14:44:18.000Z', null);
INSERT INTO t_patient_examination (mrn, uid_registration, uid_test, value, value_string, value_memo, is_verify, verify_date, print_date, uid_verify_by, uid_instrument, is_acc, acc_date, is_edit, flag, pending_date, pending_by, uid_acc_by, uid_created_by, uid_action_by, uid_package, uid_panel, uid_parent, uid_nilai_normal, uid, enabled, uid_profile, uid_object, created_at, updated_at, approve_mobile, uid_rolebase, role_text, sign, id_order, is_duplo) VALUES('264442', '4f3d38de-180f-4572-917e-81dd5787a75b', 'fe781596-0792-47a3-bd92-3120a7119547', '13.7', null, null, true, '2023-05-02T14:44:30.000Z', null, '39b032b3-4eea-4fff-915c-3d50b3e3f4e5', '36ba2172-b47c-42f9-934f-ded1fc43f064', true, '2023-05-02T14:46:25.000Z', true, '-', '1970-01-01T00:00:00.000Z', null, '39b032b3-4eea-4fff-915c-3d50b3e3f4e5', null, null, null, 'e48ac0c9-a459-4720-903a-9b8e55cb59f4', null, null, '8c405b52-2756-4802-99d0-c461ec4742a7', true, '1ff54fa2-e714-4361-aedd-5af0a0a636ba', '4535b3d8-3b62-11eb-adc1-0242ac120002','2023-05-02T14:39:55.000Z', '2023-05-02T14:46:25.000Z', false, null,null,null, null,false);
INSERT INTO t_history_approve (uid_examination, uid_test, value, value_string, is_acc, acc_date, uid_acc_by, flag, value_memo, enabled, uid_profile, uid_object, uid, created_at, updated_at, reason) VALUES('8c405b52-2756-4802-99d0-c461ec4742a7', 'fe781596-0792-47a3-bd92-3120a7119547', '13.7', null, true, '2023-05-02T14:46:25.000Z', '39b032b3-4eea-4fff-915c-3d50b3e3f4e5', '-', null, true, '1ff54fa2-e714-4361-aedd-5af0a0a636ba', 'e9c92242-3b8d-11eb-adc1-0242ac120002', '572f40b0-0226-40ba-85e3-95012e349f88', '2023-05-02T14:46:25.000Z', '2023-05-02T14:46:25.000Z', null);
INSERT INTO t_history_verify (uid_examination, uid_test, value, value_string, is_verify, verify_date, uid_verify_by, flag, value_memo, enabled, uid_profile, uid_object, uid, created_at, updated_at, reason) VALUES('8c405b52-2756-4802-99d0-c461ec4742a7', 'fe781596-0792-47a3-bd92-3120a7119547', '13.7', '13.7', true, '2023-05-02T14:44:17.000Z', '39b032b3-4eea-4fff-915c-3d50b3e3f4e5', '-', null, true, '1ff54fa2-e714-4361-aedd-5af0a0a636ba', 'e9c91fd6-3b8d-11eb-adc1-0242ac120002', 'da6ebbf8-4f78-41e9-a3b7-7b13e546ebd2', '2023-05-02T14:44:18.000Z', '2023-05-02T14:44:18.000Z', null);




INSERT INTO t_patient_payment (mrn, uid_registration, reg_num, amount_of_bill, amount_of_claim, amount_of_payment, amount_of_discount, amount_of_tax, remaining_pay, uid_billing, uid_claim, payment_date, uid_payment_method, card_number, uid, uid_profile, uid_object, created_at, updated_at, is_bridge, discount, tax) VALUES('264442', '4f3d38de-180f-4572-917e-81dd5787a75b', '2305020002', 0, 0, 0, 0, 0, 0, null, null, '2023-05-02T07:24:34.000Z', 'd61fc320-b011-48b3-8ff7-a2924164aab7', null, 'dfd24ad0-78c8-437a-ad22-f33e99c19881', '1ff54fa2-e714-4361-aedd-5af0a0a636ba', '4535ae4c-3b62-11eb-adc1-0242ac120002', '2023-05-02T07:24:34.000Z', '2023-05-02T07:24:34.000Z', false, null, null);
