INSERT INTO e_bridge_receive (ono, lno, text_result, text_order, release_date, validate, created_at, updated_at, split_date, source, result_message_id) VALUES('2102057' ,'2305020001','{"no_pendaftaran":"12345678","no_rm":"264442      ","no_order":"2102057","nama_pasien":"RINI AYU PUTRI NN                                           ","tempat_lahir":"","tgl_lahir":"2002-02-12","jk":"P","alamat":"JL YOGYAKARTA MANOKWARI BARAT  MANOKWARI PAPUA BARAT                                                                    ","phone":"082137689614","nik":"9202125202020002","id_jenis_pasien":"1","jenis_pasien":"UMUM","id_penjamin":"1","penjamin":"SENDIRI","rujukan_asal":1,"detail_rujukan":{"id_dokter":"","nama_dokter":"","id_instalasi":1,"id_ward":"","ward":"POLI DALAM"},"cito":"false","diagnose":"","icd10":[],"order":[{"id_test":"DL","nama_test":"Darah Rutin"}]}', '{"no_pendaftaran":"12345678","no_rm":"264442      ","no_order":"2102057","nama_pasien":"RINI AYU PUTRI NN                                           ","tempat_lahir":"","tgl_lahir":"2002-02-12","jk":"P","alamat":"JL YOGYAKARTA MANOKWARI BARAT  MANOKWARI PAPUA BARAT                                                                    ","phone":"082137689614","nik":"9202125202020002","id_jenis_pasien":"1","jenis_pasien":"UMUM","id_penjamin":"1","penjamin":"SENDIRI","rujukan_asal":1,"detail_rujukan":{"id_dokter":"","nama_dokter":"","id_instalasi":1,"id_ward":"","ward":"POLI DALAM"},"cito":"false","diagnose":"","icd10":[],"order":[{"id_test":"DL","nama_test":"Darah Rutin"}]}' , '1970-01-01T00:00:00.000Z','1970-01-01T00:00:00.000Z','2023-05-02T07:22:21.000Z','2023-05-02T07:22:22.000Z','1970-01-01T00:00:00.000Z', '3404162004', '455640');
INSERT INTO t_patient_registration (mrn, patient_type, guarantor, members_number, referral_type, uid_ward, uid_class, uid_doctor_referral, uid_facility_referral, uid_doctor, is_cyto, reg_num, registration_date,created_by, uid_updated_by, uid, enabled, uid_profile, uid_object, created_at, updated_at, cancelation_remark, cancelation_date, is_bridge, room_number, source, no_reg, sign_fast, fast_note, is_pregnant, is_mcu, uid_doctor_incharge) VALUES('264442' ,'befec50c-6ea8-43d2-867f-f6fafc90d928','a66661d6-02dc-4fec-8567-12f858ae72c6', null , '92669d11-b6c8-4ade-8f96-f12ed5f7a766', null, null, null, null, null, false, '2305020001', '2023-05-02T07:22:22.000Z', '39b032b3-4eea-4fff-915c-3d50b3e3f4e5', '39b032b3-4eea-4fff-915c-3d50b3e3f4e5', 'a82d9b41-1add-49c6-9e4e-1a8e453b3277', true, '1ff54fa2-e714-4361-aedd-5af0a0a636ba', '4535b220-3b62-11eb-adc1-0242ac120002', '2023-05-02T07:22:22.000Z', '2023-05-02T07:22:22.000Z', null, '1970-01-01T00:00:00.000Z', true, null, '3404162004', '12345678', false, null, false, false, '1a2207c7-4f0b-450a-b64c-6f40e3072d8b');
INSERT INTO t_patient_order (mrn, uid_registration, uid_test, id_type_test, quantity, uid_created_by, uid_updated_by, enabled, uid, uid_profile, uid_object, created_at, updated_at, is_bridge) VALUES('264442', 'a82d9b41-1add-49c6-9e4e-1a8e453b3277', 'e48ac0c9-a459-4720-903a-9b8e55cb59f4', '1', '1', 'fbc7d7e9-de2d-4788-a0e5-09908b5da112', 'fbc7d7e9-de2d-4788-a0e5-09908b5da112', true, '5a3dfe18-b3a8-4950-b4d4-602082f16253', '1ff54fa2-e714-4361-aedd-5af0a0a636ba', '4535b310-3b62-11eb-adc1-0242ac120002', '2023-05-02T14:40:05.000Z', '2023-05-02T14:40:05.000Z', true);

INSERT INTO t_patient_order_detail (mrn, uid_registration, uid_test, value, value_string, value_memo, is_verify, verify_date, uid_verify_by, uid_instrument, is_acc, acc_date, is_edit, uid_acc_by, uid_action_by, enabled, uid_profile, uid_object, uid, flag, uid_nilai_normal, uid_package, uid_panel, uid_parent, created_at, updated_at, approve_mobile, id_order) VALUES('264442', 'a82d9b41-1add-49c6-9e4e-1a8e453b3277', '916b8e40-db78-4114-9a86-258c76fde88e', null , null, null, false, '1970-01-01T00:00:00.000Z', null, null, false, '1970-01-01T00:00:00.000Z', false, null, null, true, '1ff54fa2-e714-4361-aedd-5af0a0a636ba', '130867b4-4f1e-4d6d-8dc2-81294b7d1964', 'a4340fdf-38c7-4dfa-973b-c133217a0cac', null, null, null, '2631bf5c-350c-48bd-bb60-a440936968e3', 'e48ac0c9-a459-4720-903a-9b8e55cb59f4', '2023-05-02T14:16:03.000Z', '2023-05-02T14:16:03.000Z', false, null);

INSERT INTO t_patient_sample (sample_num, mrn, uid_registration, uid_test, taken_date, type_ref, qty_print, uid_paket, uid_panel, uid, enabled, uid_profile, uid_object, created_at, updated_at, uid_by, is_read, read_by) VALUES('0205230002', '264442', 'a82d9b41-1add-49c6-9e4e-1a8e453b3277', 'b71847a1-b9de-4f32-8776-2ca1fbe5957b', '2023-05-02T14:40:05.000Z', '4', '1', null, 'e48ac0c9-a459-4720-903a-9b8e55cb59f4', 'ca8f596c-2064-431f-be3e-64738b77ff00', true, '1ff54fa2-e714-4361-aedd-5af0a0a636ba', 'fb22bc31-7319-4373-b6fb-9118b9d1c90b', '2023-05-02T14:40:05.000Z', '2023-05-02T14:40:05.000Z', '197270b2-9600-4dbb-a446-1044416f838a', false, null);

INSERT INTO t_patient_sample_speciment (reg_num, mrn, specimen, uid_registration, uid_test, taken_date, qty_print, uid_paket, uid_panel, uid, enabled, uid_profile, uid_object, created_at, updated_at) VALUES('2305020001', '264442', 'EDTA', 'a82d9b41-1add-49c6-9e4e-1a8e453b3277', 'b71847a1-b9de-4f32-8776-2ca1fbe5957b', '2023-05-02T14:17:10.000Z', 1, null, 'e48ac0c9-a459-4720-903a-9b8e55cb59f4', '4a89a033-e702-44b4-9bdb-576781df4ca7', true, '1ff54fa2-e714-4361-aedd-5af0a0a636ba', 'fb22bc31-7319-4373-b6fb-9118b9d1a91b', '2023-05-02T14:17:10.000Z', '2023-05-02T14:17:10.000Z');

INSERT INTO t_patient_examination (mrn, uid_registration, uid_test, value, value_string, value_memo, is_verify, verify_date, print_date, uid_verify_by, uid_instrument, is_acc, acc_date, is_edit, flag, pending_date, pending_by, uid_acc_by, uid_created_by, uid_action_by, uid_package, uid_panel, uid_parent, uid_nilai_normal, uid, enabled, uid_profile, uid_object, created_at, updated_at, approve_mobile, uid_rolebase, role_text, sign, id_order, is_duplo) VALUES('264442', 'a82d9b41-1add-49c6-9e4e-1a8e453b3277', '4eae137d-6936-4e5c-adbf-f7987746be07', '3.37', null, null, true, '2023-05-02T14:41:06.000Z', null, '39b032b3-4eea-4fff-915c-3d50b3e3f4e5', '36ba2172-b47c-42f9-934f-ded1fc43f064', true, '2023-05-02T14:48:16.000Z', true, 'L', '1970-01-01T00:00:00.000Z', null, '39b032b3-4eea-4fff-915c-3d50b3e3f4e5', null, null, null, 'e48ac0c9-a459-4720-903a-9b8e55cb59f4', null, null, '82fe4a39-12e0-4eb1-a904-a47045963511', true, '1ff54fa2-e714-4361-aedd-5af0a0a636ba', '4535b3d8-3b62-11eb-adc1-0242ac120002','2023-05-02T14:40:05.000Z', '2023-05-02T14:48:16.000Z', false, null,null,null, null,false);
INSERT INTO t_history_approve (uid_examination, uid_test, value, value_string, is_acc, acc_date, uid_acc_by, flag, value_memo, enabled, uid_profile, uid_object, uid, created_at, updated_at, reason) VALUES('82fe4a39-12e0-4eb1-a904-a47045963511', '4eae137d-6936-4e5c-adbf-f7987746be07', '3.37', null, true, '2023-05-02T14:48:16.000Z', '39b032b3-4eea-4fff-915c-3d50b3e3f4e5', 'L', null, true, '1ff54fa2-e714-4361-aedd-5af0a0a636ba', 'e9c92242-3b8d-11eb-adc1-0242ac120002', '48d75c70-48d1-4f98-8500-efd9388ed13e', '2023-05-02T14:48:16.000Z', '2023-05-02T14:48:16.000Z', null);
INSERT INTO t_patient_examination (mrn, uid_registration, uid_test, value, value_string, value_memo, is_verify, verify_date, print_date, uid_verify_by, uid_instrument, is_acc, acc_date, is_edit, flag, pending_date, pending_by, uid_acc_by, uid_created_by, uid_action_by, uid_package, uid_panel, uid_parent, uid_nilai_normal, uid, enabled, uid_profile, uid_object, created_at, updated_at, approve_mobile, uid_rolebase, role_text, sign, id_order, is_duplo) VALUES('264442', 'a82d9b41-1add-49c6-9e4e-1a8e453b3277', 'cdc0d5e6-e07b-4131-b760-c11b6998a500', '6.6', null, null, true, '2023-05-02T14:41:06.000Z', null, '39b032b3-4eea-4fff-915c-3d50b3e3f4e5', '36ba2172-b47c-42f9-934f-ded1fc43f064', true, '2023-05-02T14:48:16.000Z', true, '-', '1970-01-01T00:00:00.000Z', null, '39b032b3-4eea-4fff-915c-3d50b3e3f4e5', null, null, null, 'e48ac0c9-a459-4720-903a-9b8e55cb59f4', null, null, 'fe9dd26a-b0f9-41ab-b88b-90b5c2fde7b4', true, '1ff54fa2-e714-4361-aedd-5af0a0a636ba', '4535b3d8-3b62-11eb-adc1-0242ac120002','2023-05-02T14:40:05.000Z', '2023-05-02T14:48:16.000Z', false, null,null,null, null,false);
INSERT INTO t_history_approve (uid_examination, uid_test, value, value_string, is_acc, acc_date, uid_acc_by, flag, value_memo, enabled, uid_profile, uid_object, uid, created_at, updated_at, reason) VALUES('fe9dd26a-b0f9-41ab-b88b-90b5c2fde7b4', 'cdc0d5e6-e07b-4131-b760-c11b6998a500', '6.6', null, true, '2023-05-02T14:48:16.000Z', '39b032b3-4eea-4fff-915c-3d50b3e3f4e5', '-', null, true, '1ff54fa2-e714-4361-aedd-5af0a0a636ba', 'e9c92242-3b8d-11eb-adc1-0242ac120002', '076afd1f-1115-4df3-b78f-8a25415ba474', '2023-05-02T14:48:16.000Z', '2023-05-02T14:48:16.000Z', null);
INSERT INTO t_patient_examination (mrn, uid_registration, uid_test, value, value_string, value_memo, is_verify, verify_date, print_date, uid_verify_by, uid_instrument, is_acc, acc_date, is_edit, flag, pending_date, pending_by, uid_acc_by, uid_created_by, uid_action_by, uid_package, uid_panel, uid_parent, uid_nilai_normal, uid, enabled, uid_profile, uid_object, created_at, updated_at, approve_mobile, uid_rolebase, role_text, sign, id_order, is_duplo) VALUES('264442', 'a82d9b41-1add-49c6-9e4e-1a8e453b3277', '1a737bc1-52d5-45c4-a386-80a0dcf6b19a', '77.4', null, null, true, '2023-05-02T14:41:06.000Z', null, '39b032b3-4eea-4fff-915c-3d50b3e3f4e5', '36ba2172-b47c-42f9-934f-ded1fc43f064', true, '2023-05-02T14:48:16.000Z', true, '-', '1970-01-01T00:00:00.000Z', null, '39b032b3-4eea-4fff-915c-3d50b3e3f4e5', null, null, null, 'e48ac0c9-a459-4720-903a-9b8e55cb59f4', null, null, '1ee2bb8b-c4af-4d08-86cc-57202753b6b5', true, '1ff54fa2-e714-4361-aedd-5af0a0a636ba', '4535b3d8-3b62-11eb-adc1-0242ac120002','2023-05-02T14:40:05.000Z', '2023-05-02T14:48:16.000Z', false, null,null,null, null,false);
INSERT INTO t_history_approve (uid_examination, uid_test, value, value_string, is_acc, acc_date, uid_acc_by, flag, value_memo, enabled, uid_profile, uid_object, uid, created_at, updated_at, reason) VALUES('1ee2bb8b-c4af-4d08-86cc-57202753b6b5', '1a737bc1-52d5-45c4-a386-80a0dcf6b19a', '77.4', null, true, '2023-05-02T14:48:16.000Z', '39b032b3-4eea-4fff-915c-3d50b3e3f4e5', '-', null, true, '1ff54fa2-e714-4361-aedd-5af0a0a636ba', 'e9c92242-3b8d-11eb-adc1-0242ac120002', 'cf39e2a1-1375-4b8a-8dfb-562a2deef767', '2023-05-02T14:48:16.000Z', '2023-05-02T14:48:16.000Z', null);
INSERT INTO t_patient_examination (mrn, uid_registration, uid_test, value, value_string, value_memo, is_verify, verify_date, print_date, uid_verify_by, uid_instrument, is_acc, acc_date, is_edit, flag, pending_date, pending_by, uid_acc_by, uid_created_by, uid_action_by, uid_package, uid_panel, uid_parent, uid_nilai_normal, uid, enabled, uid_profile, uid_object, created_at, updated_at, approve_mobile, uid_rolebase, role_text, sign, id_order, is_duplo) VALUES('264442', 'a82d9b41-1add-49c6-9e4e-1a8e453b3277', '99f84e88-872c-4749-878d-e7928ae7d82f', '26.4', null, null, true, '2023-05-02T14:41:06.000Z', null, '39b032b3-4eea-4fff-915c-3d50b3e3f4e5', '36ba2172-b47c-42f9-934f-ded1fc43f064', true, '2023-05-02T14:48:16.000Z', true, 'L', '1970-01-01T00:00:00.000Z', null, '39b032b3-4eea-4fff-915c-3d50b3e3f4e5', null, null, null, 'e48ac0c9-a459-4720-903a-9b8e55cb59f4', null, null, '9bdb42c9-44f6-4686-aa72-78194ee620d9', true, '1ff54fa2-e714-4361-aedd-5af0a0a636ba', '4535b3d8-3b62-11eb-adc1-0242ac120002','2023-05-02T14:40:05.000Z', '2023-05-02T14:48:16.000Z', false, null,null,null, null,false);
INSERT INTO t_history_approve (uid_examination, uid_test, value, value_string, is_acc, acc_date, uid_acc_by, flag, value_memo, enabled, uid_profile, uid_object, uid, created_at, updated_at, reason) VALUES('9bdb42c9-44f6-4686-aa72-78194ee620d9', '99f84e88-872c-4749-878d-e7928ae7d82f', '26.4', null, true, '2023-05-02T14:48:16.000Z', '39b032b3-4eea-4fff-915c-3d50b3e3f4e5', 'L', null, true, '1ff54fa2-e714-4361-aedd-5af0a0a636ba', 'e9c92242-3b8d-11eb-adc1-0242ac120002', 'ac2cc30f-7d54-4592-bb48-2ce7fb76b025', '2023-05-02T14:48:16.000Z', '2023-05-02T14:48:16.000Z', null);
INSERT INTO t_patient_examination (mrn, uid_registration, uid_test, value, value_string, value_memo, is_verify, verify_date, print_date, uid_verify_by, uid_instrument, is_acc, acc_date, is_edit, flag, pending_date, pending_by, uid_acc_by, uid_created_by, uid_action_by, uid_package, uid_panel, uid_parent, uid_nilai_normal, uid, enabled, uid_profile, uid_object, created_at, updated_at, approve_mobile, uid_rolebase, role_text, sign, id_order, is_duplo) VALUES('264442', 'a82d9b41-1add-49c6-9e4e-1a8e453b3277', 'b71847a1-b9de-4f32-8776-2ca1fbe5957b', '34.1', null, null, true, '2023-05-02T14:41:06.000Z', null, '39b032b3-4eea-4fff-915c-3d50b3e3f4e5', '36ba2172-b47c-42f9-934f-ded1fc43f064', true, '2023-05-02T14:48:16.000Z', true, '-', '1970-01-01T00:00:00.000Z', null, '39b032b3-4eea-4fff-915c-3d50b3e3f4e5', null, null, null, 'e48ac0c9-a459-4720-903a-9b8e55cb59f4', null, null, 'afc2417c-093d-4b98-8a13-3e6067eda364', true, '1ff54fa2-e714-4361-aedd-5af0a0a636ba', '4535b3d8-3b62-11eb-adc1-0242ac120002','2023-05-02T14:40:05.000Z', '2023-05-02T14:48:16.000Z', false, null,null,null, null,false);
INSERT INTO t_history_approve (uid_examination, uid_test, value, value_string, is_acc, acc_date, uid_acc_by, flag, value_memo, enabled, uid_profile, uid_object, uid, created_at, updated_at, reason) VALUES('afc2417c-093d-4b98-8a13-3e6067eda364', 'b71847a1-b9de-4f32-8776-2ca1fbe5957b', '34.1', null, true, '2023-05-02T14:48:16.000Z', '39b032b3-4eea-4fff-915c-3d50b3e3f4e5', '-', null, true, '1ff54fa2-e714-4361-aedd-5af0a0a636ba', 'e9c92242-3b8d-11eb-adc1-0242ac120002', '08e38877-b0ae-4fb0-b31d-12844f2e45e6', '2023-05-02T14:48:16.000Z', '2023-05-02T14:48:16.000Z', null);
INSERT INTO t_patient_examination (mrn, uid_registration, uid_test, value, value_string, value_memo, is_verify, verify_date, print_date, uid_verify_by, uid_instrument, is_acc, acc_date, is_edit, flag, pending_date, pending_by, uid_acc_by, uid_created_by, uid_action_by, uid_package, uid_panel, uid_parent, uid_nilai_normal, uid, enabled, uid_profile, uid_object, created_at, updated_at, approve_mobile, uid_rolebase, role_text, sign, id_order, is_duplo) VALUES('264442', 'a82d9b41-1add-49c6-9e4e-1a8e453b3277', 'fe781596-0792-47a3-bd92-3120a7119547', '19.2', null, null, true, '2023-05-02T14:41:06.000Z', null, '39b032b3-4eea-4fff-915c-3d50b3e3f4e5', '36ba2172-b47c-42f9-934f-ded1fc43f064', true, '2023-05-02T14:48:16.000Z', true, 'H', '1970-01-01T00:00:00.000Z', null, '39b032b3-4eea-4fff-915c-3d50b3e3f4e5', null, null, null, 'e48ac0c9-a459-4720-903a-9b8e55cb59f4', null, null, '8e3666a2-f678-4512-850a-3222fb641f36', true, '1ff54fa2-e714-4361-aedd-5af0a0a636ba', '4535b3d8-3b62-11eb-adc1-0242ac120002','2023-05-02T14:40:05.000Z', '2023-05-02T14:48:16.000Z', false, null,null,null, null,false);
INSERT INTO t_history_approve (uid_examination, uid_test, value, value_string, is_acc, acc_date, uid_acc_by, flag, value_memo, enabled, uid_profile, uid_object, uid, created_at, updated_at, reason) VALUES('8e3666a2-f678-4512-850a-3222fb641f36', 'fe781596-0792-47a3-bd92-3120a7119547', '19.2', null, true, '2023-05-02T14:48:16.000Z', '39b032b3-4eea-4fff-915c-3d50b3e3f4e5', 'H', null, true, '1ff54fa2-e714-4361-aedd-5af0a0a636ba', 'e9c92242-3b8d-11eb-adc1-0242ac120002', '61cc3615-1294-44e1-affb-dffd4758290a', '2023-05-02T14:48:16.000Z', '2023-05-02T14:48:16.000Z', null);
INSERT INTO t_patient_examination (mrn, uid_registration, uid_test, value, value_string, value_memo, is_verify, verify_date, print_date, uid_verify_by, uid_instrument, is_acc, acc_date, is_edit, flag, pending_date, pending_by, uid_acc_by, uid_created_by, uid_action_by, uid_package, uid_panel, uid_parent, uid_nilai_normal, uid, enabled, uid_profile, uid_object, created_at, updated_at, approve_mobile, uid_rolebase, role_text, sign, id_order, is_duplo) VALUES('264442', 'a82d9b41-1add-49c6-9e4e-1a8e453b3277', '6ccd1d4e-97dd-477d-84ae-59875971f8da', '43', null, null, true, '2023-05-02T14:41:06.000Z', null, '39b032b3-4eea-4fff-915c-3d50b3e3f4e5', '36ba2172-b47c-42f9-934f-ded1fc43f064', true, '2023-05-02T14:48:16.000Z', true, '-', '1970-01-01T00:00:00.000Z', null, '39b032b3-4eea-4fff-915c-3d50b3e3f4e5', null, null, null, 'e48ac0c9-a459-4720-903a-9b8e55cb59f4', null, null, 'a43eb0e0-de2a-449c-9997-3d50706e962a', true, '1ff54fa2-e714-4361-aedd-5af0a0a636ba', '4535b3d8-3b62-11eb-adc1-0242ac120002','2023-05-02T14:40:05.000Z', '2023-05-03T12:35:14.000Z', false, null,null,null, null,false);
INSERT INTO t_history_approve (uid_examination, uid_test, value, value_string, is_acc, acc_date, uid_acc_by, flag, value_memo, enabled, uid_profile, uid_object, uid, created_at, updated_at, reason) VALUES('a43eb0e0-de2a-449c-9997-3d50706e962a', '6ccd1d4e-97dd-477d-84ae-59875971f8da', '43', null, true, '2023-05-02T14:48:16.000Z', '39b032b3-4eea-4fff-915c-3d50b3e3f4e5', '-', null, true, '1ff54fa2-e714-4361-aedd-5af0a0a636ba', 'e9c92242-3b8d-11eb-adc1-0242ac120002', 'b12f67be-6825-4fe4-8b42-170b65fc63e6', '2023-05-02T14:48:16.000Z', '2023-05-02T14:48:16.000Z', null);
INSERT INTO t_patient_examination (mrn, uid_registration, uid_test, value, value_string, value_memo, is_verify, verify_date, print_date, uid_verify_by, uid_instrument, is_acc, acc_date, is_edit, flag, pending_date, pending_by, uid_acc_by, uid_created_by, uid_action_by, uid_package, uid_panel, uid_parent, uid_nilai_normal, uid, enabled, uid_profile, uid_object, created_at, updated_at, approve_mobile, uid_rolebase, role_text, sign, id_order, is_duplo) VALUES('264442', 'a82d9b41-1add-49c6-9e4e-1a8e453b3277', '02e8e09c-4179-4c05-b01e-a1728130da2e', '8.90', null, null, true, '2023-05-02T14:41:06.000Z', null, '39b032b3-4eea-4fff-915c-3d50b3e3f4e5', '36ba2172-b47c-42f9-934f-ded1fc43f064', true, '2023-05-02T14:48:16.000Z', true, 'L', '1970-01-01T00:00:00.000Z', null, '39b032b3-4eea-4fff-915c-3d50b3e3f4e5', null, null, null, 'e48ac0c9-a459-4720-903a-9b8e55cb59f4', null, null, 'bf5c36af-30f1-45f3-a0ba-a27d5b77c609', true, '1ff54fa2-e714-4361-aedd-5af0a0a636ba', '4535b3d8-3b62-11eb-adc1-0242ac120002','2023-05-02T14:40:05.000Z', '2023-05-02T14:48:16.000Z', false, null,null,null, null,false);
INSERT INTO t_history_approve (uid_examination, uid_test, value, value_string, is_acc, acc_date, uid_acc_by, flag, value_memo, enabled, uid_profile, uid_object, uid, created_at, updated_at, reason) VALUES('bf5c36af-30f1-45f3-a0ba-a27d5b77c609', '02e8e09c-4179-4c05-b01e-a1728130da2e', '8.90', null, true, '2023-05-02T14:48:16.000Z', '39b032b3-4eea-4fff-915c-3d50b3e3f4e5', 'L', null, true, '1ff54fa2-e714-4361-aedd-5af0a0a636ba', 'e9c92242-3b8d-11eb-adc1-0242ac120002', '91513721-1e91-4f14-9a07-6a5634776fe1', '2023-05-02T14:48:16.000Z', '2023-05-02T14:48:16.000Z', null);
INSERT INTO t_patient_examination (mrn, uid_registration, uid_test, value, value_string, value_memo, is_verify, verify_date, print_date, uid_verify_by, uid_instrument, is_acc, acc_date, is_edit, flag, pending_date, pending_by, uid_acc_by, uid_created_by, uid_action_by, uid_package, uid_panel, uid_parent, uid_nilai_normal, uid, enabled, uid_profile, uid_object, created_at, updated_at, approve_mobile, uid_rolebase, role_text, sign, id_order, is_duplo) VALUES('264442', 'a82d9b41-1add-49c6-9e4e-1a8e453b3277', 'ac0d3bce-be3a-46a5-9dcc-30d1c3bf98b5', '26', null, null, true, '2023-05-02T14:41:06.000Z', null, '39b032b3-4eea-4fff-915c-3d50b3e3f4e5', '36ba2172-b47c-42f9-934f-ded1fc43f064', true, '2023-05-02T14:48:16.000Z', true, 'L', '1970-01-01T00:00:00.000Z', null, '39b032b3-4eea-4fff-915c-3d50b3e3f4e5', null, null, null, 'e48ac0c9-a459-4720-903a-9b8e55cb59f4', null, null, '63cb617e-4bc5-4a19-9daa-2b2a311ae864', true, '1ff54fa2-e714-4361-aedd-5af0a0a636ba', '4535b3d8-3b62-11eb-adc1-0242ac120002','2023-05-02T14:40:05.000Z', '2023-05-02T14:48:16.000Z', false, null,null,null, null,false);
INSERT INTO t_history_approve (uid_examination, uid_test, value, value_string, is_acc, acc_date, uid_acc_by, flag, value_memo, enabled, uid_profile, uid_object, uid, created_at, updated_at, reason) VALUES('63cb617e-4bc5-4a19-9daa-2b2a311ae864', 'ac0d3bce-be3a-46a5-9dcc-30d1c3bf98b5', '26', null, true, '2023-05-02T14:48:16.000Z', '39b032b3-4eea-4fff-915c-3d50b3e3f4e5', 'L', null, true, '1ff54fa2-e714-4361-aedd-5af0a0a636ba', 'e9c92242-3b8d-11eb-adc1-0242ac120002', '173036e8-d8e5-41b2-bb40-28af79c2a814', '2023-05-02T14:48:16.000Z', '2023-05-02T14:48:16.000Z', null);
INSERT INTO t_patient_examination (mrn, uid_registration, uid_test, value, value_string, value_memo, is_verify, verify_date, print_date, uid_verify_by, uid_instrument, is_acc, acc_date, is_edit, flag, pending_date, pending_by, uid_acc_by, uid_created_by, uid_action_by, uid_package, uid_panel, uid_parent, uid_nilai_normal, uid, enabled, uid_profile, uid_object, created_at, updated_at, approve_mobile, uid_rolebase, role_text, sign, id_order, is_duplo) VALUES('264442', 'a82d9b41-1add-49c6-9e4e-1a8e453b3277', '486227eb-7240-4ec9-a96b-81eb8d8547a0', '6', null, null, true, '2023-05-02T14:41:06.000Z', null, '39b032b3-4eea-4fff-915c-3d50b3e3f4e5', '36ba2172-b47c-42f9-934f-ded1fc43f064', true, '2023-05-02T14:48:16.000Z', true, 'L', '1970-01-01T00:00:00.000Z', null, '39b032b3-4eea-4fff-915c-3d50b3e3f4e5', null, null, null, 'e48ac0c9-a459-4720-903a-9b8e55cb59f4', null, null, '636b6f54-24b3-4413-b300-df3cd7148374', true, '1ff54fa2-e714-4361-aedd-5af0a0a636ba', '4535b3d8-3b62-11eb-adc1-0242ac120002','2023-05-02T14:40:05.000Z', '2023-05-02T14:48:16.000Z', false, null,null,null, null,false);
INSERT INTO t_history_approve (uid_examination, uid_test, value, value_string, is_acc, acc_date, uid_acc_by, flag, value_memo, enabled, uid_profile, uid_object, uid, created_at, updated_at, reason) VALUES('636b6f54-24b3-4413-b300-df3cd7148374', '486227eb-7240-4ec9-a96b-81eb8d8547a0', '6', null, true, '2023-05-02T14:48:16.000Z', '39b032b3-4eea-4fff-915c-3d50b3e3f4e5', 'L', null, true, '1ff54fa2-e714-4361-aedd-5af0a0a636ba', 'e9c92242-3b8d-11eb-adc1-0242ac120002', '26884362-ce45-4b08-977f-d5c048942422', '2023-05-02T14:48:16.000Z', '2023-05-02T14:48:16.000Z', null);
INSERT INTO t_patient_examination (mrn, uid_registration, uid_test, value, value_string, value_memo, is_verify, verify_date, print_date, uid_verify_by, uid_instrument, is_acc, acc_date, is_edit, flag, pending_date, pending_by, uid_acc_by, uid_created_by, uid_action_by, uid_package, uid_panel, uid_parent, uid_nilai_normal, uid, enabled, uid_profile, uid_object, created_at, updated_at, approve_mobile, uid_rolebase, role_text, sign, id_order, is_duplo) VALUES('264442', 'a82d9b41-1add-49c6-9e4e-1a8e453b3277', '75ebe910-6c49-4c5c-83bf-de3998a75cc3', '0.20', null, null, true, '2023-05-02T14:49:32.000Z', null, '39b032b3-4eea-4fff-915c-3d50b3e3f4e5', null, true, '2023-05-02T14:49:33.000Z', false, '-', '1970-01-01T00:00:00.000Z', null, '39b032b3-4eea-4fff-915c-3d50b3e3f4e5', 'fbc7d7e9-de2d-4788-a0e5-09908b5da112', null, null, 'e48ac0c9-a459-4720-903a-9b8e55cb59f4', null, '2c7389ae-0f07-451f-8f16-d6162908f41a', 'db2f38d7-bd6d-4cf5-98d6-72af49b3c14a', true, '1ff54fa2-e714-4361-aedd-5af0a0a636ba', '4535b3d8-3b62-11eb-adc1-0242ac120002','2023-05-02T14:40:05.000Z', '2023-05-02T14:49:33.000Z', false, null,null,null, null,false);
INSERT INTO t_history_approve (uid_examination, uid_test, value, value_string, is_acc, acc_date, uid_acc_by, flag, value_memo, enabled, uid_profile, uid_object, uid, created_at, updated_at, reason) VALUES('db2f38d7-bd6d-4cf5-98d6-72af49b3c14a', '75ebe910-6c49-4c5c-83bf-de3998a75cc3', '0.20', null, true, '2023-05-02T14:48:16.000Z', '39b032b3-4eea-4fff-915c-3d50b3e3f4e5', '-', null, true, '1ff54fa2-e714-4361-aedd-5af0a0a636ba', 'e9c92242-3b8d-11eb-adc1-0242ac120002', '540918b3-1a50-4590-8b95-8b014c327d04', '2023-05-02T14:48:16.000Z', '2023-05-02T14:48:16.000Z', null);
INSERT INTO t_history_verify (uid_examination, uid_test, value, value_string, is_verify, verify_date, uid_verify_by, flag, value_memo, enabled, uid_profile, uid_object, uid, created_at, updated_at, reason) VALUES('db2f38d7-bd6d-4cf5-98d6-72af49b3c14a', '75ebe910-6c49-4c5c-83bf-de3998a75cc3', '0.20', '0.20', true, '2023-05-02T14:48:14.000Z', '39b032b3-4eea-4fff-915c-3d50b3e3f4e5', '-', null, true, '1ff54fa2-e714-4361-aedd-5af0a0a636ba', 'e9c91fd6-3b8d-11eb-adc1-0242ac120002', 'c2e039bb-0877-4703-880d-dc0279b05f82', '2023-05-02T14:48:14.000Z', '2023-05-02T14:48:14.000Z', null);
INSERT INTO t_patient_examination (mrn, uid_registration, uid_test, value, value_string, value_memo, is_verify, verify_date, print_date, uid_verify_by, uid_instrument, is_acc, acc_date, is_edit, flag, pending_date, pending_by, uid_acc_by, uid_created_by, uid_action_by, uid_package, uid_panel, uid_parent, uid_nilai_normal, uid, enabled, uid_profile, uid_object, created_at, updated_at, approve_mobile, uid_rolebase, role_text, sign, id_order, is_duplo) VALUES('264442', 'a82d9b41-1add-49c6-9e4e-1a8e453b3277', '225927b6-74b7-4f71-8a2e-321b69c6e16f', '10.0', null, null, true, '2023-05-02T14:49:32.000Z', null, '39b032b3-4eea-4fff-915c-3d50b3e3f4e5', null, true, '2023-05-02T14:49:33.000Z', false, '-', '1970-01-01T00:00:00.000Z', null, '39b032b3-4eea-4fff-915c-3d50b3e3f4e5', 'fbc7d7e9-de2d-4788-a0e5-09908b5da112', null, null, 'e48ac0c9-a459-4720-903a-9b8e55cb59f4', null, '0b9b9f2d-3161-4136-b91d-73f79876dbad', 'e5ac24d5-9601-47a7-9271-5d38b50834cf', true, '1ff54fa2-e714-4361-aedd-5af0a0a636ba', '4535b3d8-3b62-11eb-adc1-0242ac120002','2023-05-02T14:40:05.000Z', '2023-05-02T14:49:33.000Z', false, null,null,null, null,false);
INSERT INTO t_history_approve (uid_examination, uid_test, value, value_string, is_acc, acc_date, uid_acc_by, flag, value_memo, enabled, uid_profile, uid_object, uid, created_at, updated_at, reason) VALUES('e5ac24d5-9601-47a7-9271-5d38b50834cf', '225927b6-74b7-4f71-8a2e-321b69c6e16f', '10.0', null, true, '2023-05-02T14:48:16.000Z', '39b032b3-4eea-4fff-915c-3d50b3e3f4e5', '-', null, true, '1ff54fa2-e714-4361-aedd-5af0a0a636ba', 'e9c92242-3b8d-11eb-adc1-0242ac120002', 'db5fc45a-1f17-425c-8711-d047ce28ace6', '2023-05-02T14:48:16.000Z', '2023-05-02T14:48:16.000Z', null);
INSERT INTO t_history_verify (uid_examination, uid_test, value, value_string, is_verify, verify_date, uid_verify_by, flag, value_memo, enabled, uid_profile, uid_object, uid, created_at, updated_at, reason) VALUES('e5ac24d5-9601-47a7-9271-5d38b50834cf', '225927b6-74b7-4f71-8a2e-321b69c6e16f', '10.0', '10.0', true, '2023-05-02T14:48:14.000Z', '39b032b3-4eea-4fff-915c-3d50b3e3f4e5', '-', null, true, '1ff54fa2-e714-4361-aedd-5af0a0a636ba', 'e9c91fd6-3b8d-11eb-adc1-0242ac120002', '4a6fff43-6b78-4ea4-880c-81b5b7e0be8d', '2023-05-02T14:48:14.000Z', '2023-05-02T14:48:14.000Z', null);
INSERT INTO t_patient_examination (mrn, uid_registration, uid_test, value, value_string, value_memo, is_verify, verify_date, print_date, uid_verify_by, uid_instrument, is_acc, acc_date, is_edit, flag, pending_date, pending_by, uid_acc_by, uid_created_by, uid_action_by, uid_package, uid_panel, uid_parent, uid_nilai_normal, uid, enabled, uid_profile, uid_object, created_at, updated_at, approve_mobile, uid_rolebase, role_text, sign, id_order, is_duplo) VALUES('264442', 'a82d9b41-1add-49c6-9e4e-1a8e453b3277', '4442b86d-a6da-4f7d-864b-e90d2075cf69', '23.0', null, null, true, '2023-05-02T14:49:32.000Z', null, '39b032b3-4eea-4fff-915c-3d50b3e3f4e5', null, true, '2023-05-02T14:49:33.000Z', false, null, '1970-01-01T00:00:00.000Z', null, '39b032b3-4eea-4fff-915c-3d50b3e3f4e5', 'fbc7d7e9-de2d-4788-a0e5-09908b5da112', null, null, 'e48ac0c9-a459-4720-903a-9b8e55cb59f4', null, null, '295c1591-fc29-47f5-8df3-13a6499a6997', true, '1ff54fa2-e714-4361-aedd-5af0a0a636ba', '4535b3d8-3b62-11eb-adc1-0242ac120002','2023-05-02T14:40:05.000Z', '2023-05-02T14:49:33.000Z', false, null,null,null, null,false);
INSERT INTO t_history_approve (uid_examination, uid_test, value, value_string, is_acc, acc_date, uid_acc_by, flag, value_memo, enabled, uid_profile, uid_object, uid, created_at, updated_at, reason) VALUES('295c1591-fc29-47f5-8df3-13a6499a6997', '4442b86d-a6da-4f7d-864b-e90d2075cf69', '23.0', null, true, '2023-05-02T14:48:16.000Z', '39b032b3-4eea-4fff-915c-3d50b3e3f4e5', '-', null, true, '1ff54fa2-e714-4361-aedd-5af0a0a636ba', 'e9c92242-3b8d-11eb-adc1-0242ac120002', '26e00c5e-c2a9-41ef-8f9d-8063404470c9', '2023-05-02T14:48:16.000Z', '2023-05-02T14:48:16.000Z', null);
INSERT INTO t_history_verify (uid_examination, uid_test, value, value_string, is_verify, verify_date, uid_verify_by, flag, value_memo, enabled, uid_profile, uid_object, uid, created_at, updated_at, reason) VALUES('295c1591-fc29-47f5-8df3-13a6499a6997', '4442b86d-a6da-4f7d-864b-e90d2075cf69', '23.0', '23.0', true, '2023-05-02T14:48:14.000Z', '39b032b3-4eea-4fff-915c-3d50b3e3f4e5', null, null, true, '1ff54fa2-e714-4361-aedd-5af0a0a636ba', 'e9c91fd6-3b8d-11eb-adc1-0242ac120002', '63e74a9d-02dc-4d77-98e1-f8bec05f6906', '2023-05-02T14:48:14.000Z', '2023-05-02T14:48:14.000Z', null);
INSERT INTO t_patient_examination (mrn, uid_registration, uid_test, value, value_string, value_memo, is_verify, verify_date, print_date, uid_verify_by, uid_instrument, is_acc, acc_date, is_edit, flag, pending_date, pending_by, uid_acc_by, uid_created_by, uid_action_by, uid_package, uid_panel, uid_parent, uid_nilai_normal, uid, enabled, uid_profile, uid_object, created_at, updated_at, approve_mobile, uid_rolebase, role_text, sign, id_order, is_duplo) VALUES('264442', 'a82d9b41-1add-49c6-9e4e-1a8e453b3277', 'db13ee51-2fb8-48f7-a702-46c19a1b477d', '228', null, null, true, '2023-05-02T14:41:06.000Z', null, '39b032b3-4eea-4fff-915c-3d50b3e3f4e5', '36ba2172-b47c-42f9-934f-ded1fc43f064', true, '2023-05-02T14:48:16.000Z', true, '-', '1970-01-01T00:00:00.000Z', null, '39b032b3-4eea-4fff-915c-3d50b3e3f4e5', null, null, null, 'e48ac0c9-a459-4720-903a-9b8e55cb59f4', null, null, '18cf67b0-cd0a-42e1-b764-2226b3dc65c3', true, '1ff54fa2-e714-4361-aedd-5af0a0a636ba', '4535b3d8-3b62-11eb-adc1-0242ac120002','2023-05-02T14:40:05.000Z', '2023-05-02T14:48:16.000Z', false, null,null,null, null,false);
INSERT INTO t_history_approve (uid_examination, uid_test, value, value_string, is_acc, acc_date, uid_acc_by, flag, value_memo, enabled, uid_profile, uid_object, uid, created_at, updated_at, reason) VALUES('18cf67b0-cd0a-42e1-b764-2226b3dc65c3', 'db13ee51-2fb8-48f7-a702-46c19a1b477d', '228', null, true, '2023-05-02T14:48:16.000Z', '39b032b3-4eea-4fff-915c-3d50b3e3f4e5', '-', null, true, '1ff54fa2-e714-4361-aedd-5af0a0a636ba', 'e9c92242-3b8d-11eb-adc1-0242ac120002', '4237ba2e-3172-44b9-81fe-b7a1a49e55d4', '2023-05-02T14:48:16.000Z', '2023-05-02T14:48:16.000Z', null);
INSERT INTO t_patient_examination (mrn, uid_registration, uid_test, value, value_string, value_memo, is_verify, verify_date, print_date, uid_verify_by, uid_instrument, is_acc, acc_date, is_edit, flag, pending_date, pending_by, uid_acc_by, uid_created_by, uid_action_by, uid_package, uid_panel, uid_parent, uid_nilai_normal, uid, enabled, uid_profile, uid_object, created_at, updated_at, approve_mobile, uid_rolebase, role_text, sign, id_order, is_duplo) VALUES('264442', 'a82d9b41-1add-49c6-9e4e-1a8e453b3277', '88a46905-9ca7-4978-bd4f-ccac1131b04d', '10', null, null, true, '2023-05-02T14:49:32.000Z', null, '39b032b3-4eea-4fff-915c-3d50b3e3f4e5', null, true, '2023-05-02T14:49:33.000Z', false, null, '1970-01-01T00:00:00.000Z', null, '39b032b3-4eea-4fff-915c-3d50b3e3f4e5', 'fbc7d7e9-de2d-4788-a0e5-09908b5da112', null, null, 'e48ac0c9-a459-4720-903a-9b8e55cb59f4', null, null, 'de94e6e5-6d93-492d-aa7f-2a32a8644dde', true, '1ff54fa2-e714-4361-aedd-5af0a0a636ba', '4535b3d8-3b62-11eb-adc1-0242ac120002','2023-05-02T14:40:05.000Z', '2023-05-11T06:58:10.000Z', false, null,null,null, null,false);
INSERT INTO t_history_approve (uid_examination, uid_test, value, value_string, is_acc, acc_date, uid_acc_by, flag, value_memo, enabled, uid_profile, uid_object, uid, created_at, updated_at, reason) VALUES('de94e6e5-6d93-492d-aa7f-2a32a8644dde', '88a46905-9ca7-4978-bd4f-ccac1131b04d', '10', null, true, '2023-05-02T14:48:16.000Z', '39b032b3-4eea-4fff-915c-3d50b3e3f4e5', '-', null, true, '1ff54fa2-e714-4361-aedd-5af0a0a636ba', 'e9c92242-3b8d-11eb-adc1-0242ac120002', 'eb43ba1e-c3f3-44cf-8f6a-6ce5d388e573', '2023-05-02T14:48:16.000Z', '2023-05-02T14:48:16.000Z', null);
INSERT INTO t_history_verify (uid_examination, uid_test, value, value_string, is_verify, verify_date, uid_verify_by, flag, value_memo, enabled, uid_profile, uid_object, uid, created_at, updated_at, reason) VALUES('de94e6e5-6d93-492d-aa7f-2a32a8644dde', '88a46905-9ca7-4978-bd4f-ccac1131b04d', '10', '10', true, '2023-05-02T14:48:14.000Z', '39b032b3-4eea-4fff-915c-3d50b3e3f4e5', null, null, true, '1ff54fa2-e714-4361-aedd-5af0a0a636ba', 'e9c91fd6-3b8d-11eb-adc1-0242ac120002', '71709241-92a6-436c-a0ec-199d7338557c', '2023-05-02T14:48:14.000Z', '2023-05-02T14:48:14.000Z', null);
INSERT INTO t_patient_examination (mrn, uid_registration, uid_test, value, value_string, value_memo, is_verify, verify_date, print_date, uid_verify_by, uid_instrument, is_acc, acc_date, is_edit, flag, pending_date, pending_by, uid_acc_by, uid_created_by, uid_action_by, uid_package, uid_panel, uid_parent, uid_nilai_normal, uid, enabled, uid_profile, uid_object, created_at, updated_at, approve_mobile, uid_rolebase, role_text, sign, id_order, is_duplo) VALUES('264442', 'a82d9b41-1add-49c6-9e4e-1a8e453b3277', '86b30523-c59b-463f-9870-7ea62074ea1b', '80.00', null, null, true, '2023-05-02T14:49:32.000Z', null, '39b032b3-4eea-4fff-915c-3d50b3e3f4e5', null, true, '2023-05-02T14:49:33.000Z', false, null, '1970-01-01T00:00:00.000Z', null, '39b032b3-4eea-4fff-915c-3d50b3e3f4e5', 'fbc7d7e9-de2d-4788-a0e5-09908b5da112', null, null, null, null, null, 'a3864fb3-07c6-42e2-b4e4-83869a9f34e8', true, '1ff54fa2-e714-4361-aedd-5af0a0a636ba', '4535b3d8-3b62-11eb-adc1-0242ac120002','2023-05-02T14:40:05.000Z', '2023-05-11T06:59:51.000Z', false, null,null,null, null,false);
INSERT INTO t_history_approve (uid_examination, uid_test, value, value_string, is_acc, acc_date, uid_acc_by, flag, value_memo, enabled, uid_profile, uid_object, uid, created_at, updated_at, reason) VALUES('a3864fb3-07c6-42e2-b4e4-83869a9f34e8', '86b30523-c59b-463f-9870-7ea62074ea1b', '80.00', null, true, '2023-05-02T14:48:16.000Z', '39b032b3-4eea-4fff-915c-3d50b3e3f4e5', '-', null, true, '1ff54fa2-e714-4361-aedd-5af0a0a636ba', 'e9c92242-3b8d-11eb-adc1-0242ac120002', 'b17f1b34-082c-48d8-8a0d-7327a1c82dc1', '2023-05-02T14:48:16.000Z', '2023-05-02T14:48:16.000Z', null);
INSERT INTO t_history_verify (uid_examination, uid_test, value, value_string, is_verify, verify_date, uid_verify_by, flag, value_memo, enabled, uid_profile, uid_object, uid, created_at, updated_at, reason) VALUES('a3864fb3-07c6-42e2-b4e4-83869a9f34e8', '86b30523-c59b-463f-9870-7ea62074ea1b', '80.00', '80.00', true, '2023-05-02T14:48:14.000Z', '39b032b3-4eea-4fff-915c-3d50b3e3f4e5', null, null, true, '1ff54fa2-e714-4361-aedd-5af0a0a636ba', 'e9c91fd6-3b8d-11eb-adc1-0242ac120002', '74d5966c-f4cd-4f25-8ee5-eabd3f5aaf48', '2023-05-02T14:48:14.000Z', '2023-05-02T14:48:14.000Z', null);
INSERT INTO t_patient_examination (mrn, uid_registration, uid_test, value, value_string, value_memo, is_verify, verify_date, print_date, uid_verify_by, uid_instrument, is_acc, acc_date, is_edit, flag, pending_date, pending_by, uid_acc_by, uid_created_by, uid_action_by, uid_package, uid_panel, uid_parent, uid_nilai_normal, uid, enabled, uid_profile, uid_object, created_at, updated_at, approve_mobile, uid_rolebase, role_text, sign, id_order, is_duplo) VALUES('264442', 'a82d9b41-1add-49c6-9e4e-1a8e453b3277', '587e60e3-ec9c-4463-8e55-563a8492152f', '72.6', null, null, true, '2023-05-02T14:41:06.000Z', null, '39b032b3-4eea-4fff-915c-3d50b3e3f4e5', '36ba2172-b47c-42f9-934f-ded1fc43f064', true, '2023-05-02T14:48:16.000Z', true, 'H', '1970-01-01T00:00:00.000Z', null, '39b032b3-4eea-4fff-915c-3d50b3e3f4e5', null, null, null, 'e48ac0c9-a459-4720-903a-9b8e55cb59f4', null, null, '2fa8eefe-7794-4a26-b43c-79d016a04a98', true, '1ff54fa2-e714-4361-aedd-5af0a0a636ba', '130867b4-4f1e-4d6d-8dc2-81294b7d1964','2023-05-02T14:17:10.000Z', '2023-05-02T14:48:16.000Z', false, null,null,null, null,false);
INSERT INTO t_history_approve (uid_examination, uid_test, value, value_string, is_acc, acc_date, uid_acc_by, flag, value_memo, enabled, uid_profile, uid_object, uid, created_at, updated_at, reason) VALUES('2fa8eefe-7794-4a26-b43c-79d016a04a98', '587e60e3-ec9c-4463-8e55-563a8492152f', '72.6', null, true, '2023-05-02T14:48:16.000Z', '39b032b3-4eea-4fff-915c-3d50b3e3f4e5', 'H', null, true, '1ff54fa2-e714-4361-aedd-5af0a0a636ba', 'e9c92242-3b8d-11eb-adc1-0242ac120002', '64ff5a6e-52db-47e0-8f17-71b92d718ee8', '2023-05-02T14:48:16.000Z', '2023-05-02T14:48:16.000Z', null);
INSERT INTO t_history_verify (uid_examination, uid_test, value, value_string, is_verify, verify_date, uid_verify_by, flag, value_memo, enabled, uid_profile, uid_object, uid, created_at, updated_at, reason) VALUES('2fa8eefe-7794-4a26-b43c-79d016a04a98', '587e60e3-ec9c-4463-8e55-563a8492152f', '85.0', '85.0', true, '2023-05-02T14:17:50.000Z', '39b032b3-4eea-4fff-915c-3d50b3e3f4e5', '-', null, true, '1ff54fa2-e714-4361-aedd-5af0a0a636ba', 'e9c91fd6-3b8d-11eb-adc1-0242ac120002', '8d78e9a0-384d-4aec-ba57-f0b4ce19be20', '2023-05-02T14:17:50.000Z', '2023-05-02T14:17:50.000Z', null);
INSERT INTO t_patient_examination (mrn, uid_registration, uid_test, value, value_string, value_memo, is_verify, verify_date, print_date, uid_verify_by, uid_instrument, is_acc, acc_date, is_edit, flag, pending_date, pending_by, uid_acc_by, uid_created_by, uid_action_by, uid_package, uid_panel, uid_parent, uid_nilai_normal, uid, enabled, uid_profile, uid_object, created_at, updated_at, approve_mobile, uid_rolebase, role_text, sign, id_order, is_duplo) VALUES('264442', 'a82d9b41-1add-49c6-9e4e-1a8e453b3277', '31db07b3-6407-4c45-bc8e-52ac98b9b723', '9.8', null, null, true, '2023-05-02T14:41:06.000Z', null, '39b032b3-4eea-4fff-915c-3d50b3e3f4e5', '36ba2172-b47c-42f9-934f-ded1fc43f064', true, '2023-05-02T14:48:16.000Z', true, '-', '1970-01-01T00:00:00.000Z', null, '39b032b3-4eea-4fff-915c-3d50b3e3f4e5', null, null, null, 'e48ac0c9-a459-4720-903a-9b8e55cb59f4', '2631bf5c-350c-48bd-bb60-a440936968e3', null, '79e1307e-7085-444e-8140-163ba2573a9a', true, '1ff54fa2-e714-4361-aedd-5af0a0a636ba', '130867b4-4f1e-4d6d-8dc2-81294b7d1964','2023-05-02T14:17:10.000Z', '2023-05-02T14:48:16.000Z', false, null,null,null, null,false);
INSERT INTO t_history_approve (uid_examination, uid_test, value, value_string, is_acc, acc_date, uid_acc_by, flag, value_memo, enabled, uid_profile, uid_object, uid, created_at, updated_at, reason) VALUES('79e1307e-7085-444e-8140-163ba2573a9a', '31db07b3-6407-4c45-bc8e-52ac98b9b723', '9.8', null, true, '2023-05-02T14:48:16.000Z', '39b032b3-4eea-4fff-915c-3d50b3e3f4e5', '-', null, true, '1ff54fa2-e714-4361-aedd-5af0a0a636ba', 'e9c92242-3b8d-11eb-adc1-0242ac120002', 'c5eb3d44-4964-45cc-8e4e-d8e56e07b326', '2023-05-02T14:48:16.000Z', '2023-05-02T14:48:16.000Z', null);
INSERT INTO t_history_verify (uid_examination, uid_test, value, value_string, is_verify, verify_date, uid_verify_by, flag, value_memo, enabled, uid_profile, uid_object, uid, created_at, updated_at, reason) VALUES('79e1307e-7085-444e-8140-163ba2573a9a', '31db07b3-6407-4c45-bc8e-52ac98b9b723', '2.6', '2.6', true, '2023-05-02T14:17:50.000Z', '39b032b3-4eea-4fff-915c-3d50b3e3f4e5', '-', null, true, '1ff54fa2-e714-4361-aedd-5af0a0a636ba', 'e9c91fd6-3b8d-11eb-adc1-0242ac120002', '371cfa60-c819-485e-abcf-432af92dec28', '2023-05-02T14:17:50.000Z', '2023-05-02T14:17:50.000Z', null);
INSERT INTO t_patient_examination (mrn, uid_registration, uid_test, value, value_string, value_memo, is_verify, verify_date, print_date, uid_verify_by, uid_instrument, is_acc, acc_date, is_edit, flag, pending_date, pending_by, uid_acc_by, uid_created_by, uid_action_by, uid_package, uid_panel, uid_parent, uid_nilai_normal, uid, enabled, uid_profile, uid_object, created_at, updated_at, approve_mobile, uid_rolebase, role_text, sign, id_order, is_duplo) VALUES('264442', 'a82d9b41-1add-49c6-9e4e-1a8e453b3277', '0d813e52-d2b8-4f83-8f2d-27870c422c27', '3.3', null, null, true, '2023-05-02T14:41:06.000Z', null, '39b032b3-4eea-4fff-915c-3d50b3e3f4e5', '36ba2172-b47c-42f9-934f-ded1fc43f064', true, '2023-05-02T14:48:16.000Z', true, 'L', '1970-01-01T00:00:00.000Z', null, '39b032b3-4eea-4fff-915c-3d50b3e3f4e5', null, null, null, 'e48ac0c9-a459-4720-903a-9b8e55cb59f4', '2631bf5c-350c-48bd-bb60-a440936968e3', null, '0f2334f4-9d2e-401f-abab-081e7075136c', true, '1ff54fa2-e714-4361-aedd-5af0a0a636ba', '130867b4-4f1e-4d6d-8dc2-81294b7d1964','2023-05-02T14:17:10.000Z', '2023-05-02T14:48:16.000Z', false, null,null,null, null,false);
INSERT INTO t_history_approve (uid_examination, uid_test, value, value_string, is_acc, acc_date, uid_acc_by, flag, value_memo, enabled, uid_profile, uid_object, uid, created_at, updated_at, reason) VALUES('0f2334f4-9d2e-401f-abab-081e7075136c', '0d813e52-d2b8-4f83-8f2d-27870c422c27', '3.3', null, true, '2023-05-02T14:48:16.000Z', '39b032b3-4eea-4fff-915c-3d50b3e3f4e5', 'L', null, true, '1ff54fa2-e714-4361-aedd-5af0a0a636ba', 'e9c92242-3b8d-11eb-adc1-0242ac120002', '3b5f2dc2-f178-4586-9229-547e036e1af6', '2023-05-02T14:48:16.000Z', '2023-05-02T14:48:16.000Z', null);
INSERT INTO t_history_verify (uid_examination, uid_test, value, value_string, is_verify, verify_date, uid_verify_by, flag, value_memo, enabled, uid_profile, uid_object, uid, created_at, updated_at, reason) VALUES('0f2334f4-9d2e-401f-abab-081e7075136c', '0d813e52-d2b8-4f83-8f2d-27870c422c27', '0.4', '0.4', true, '2023-05-02T14:17:50.000Z', '39b032b3-4eea-4fff-915c-3d50b3e3f4e5', '-', null, true, '1ff54fa2-e714-4361-aedd-5af0a0a636ba', 'e9c91fd6-3b8d-11eb-adc1-0242ac120002', '3cd22446-fc45-4fe4-919d-ad4c80f1e08a', '2023-05-02T14:17:50.000Z', '2023-05-02T14:17:50.000Z', null);
INSERT INTO t_patient_examination (mrn, uid_registration, uid_test, value, value_string, value_memo, is_verify, verify_date, print_date, uid_verify_by, uid_instrument, is_acc, acc_date, is_edit, flag, pending_date, pending_by, uid_acc_by, uid_created_by, uid_action_by, uid_package, uid_panel, uid_parent, uid_nilai_normal, uid, enabled, uid_profile, uid_object, created_at, updated_at, approve_mobile, uid_rolebase, role_text, sign, id_order, is_duplo) VALUES('264442', 'a82d9b41-1add-49c6-9e4e-1a8e453b3277', 'e39532c0-0895-4528-913a-12be3c063aac', '0.5', null, null, true, '2023-05-02T14:41:06.000Z', null, '39b032b3-4eea-4fff-915c-3d50b3e3f4e5', '36ba2172-b47c-42f9-934f-ded1fc43f064', true, '2023-05-02T14:48:16.000Z', true, '-', '1970-01-01T00:00:00.000Z', null, '39b032b3-4eea-4fff-915c-3d50b3e3f4e5', null, null, null, 'e48ac0c9-a459-4720-903a-9b8e55cb59f4', '2631bf5c-350c-48bd-bb60-a440936968e3', null, 'acad66f9-b62f-4928-a310-b70abd59dd48', true, '1ff54fa2-e714-4361-aedd-5af0a0a636ba', '130867b4-4f1e-4d6d-8dc2-81294b7d1964','2023-05-02T14:17:10.000Z', '2023-05-02T14:48:16.000Z', false, null,null,null, null,false);
INSERT INTO t_history_approve (uid_examination, uid_test, value, value_string, is_acc, acc_date, uid_acc_by, flag, value_memo, enabled, uid_profile, uid_object, uid, created_at, updated_at, reason) VALUES('acad66f9-b62f-4928-a310-b70abd59dd48', 'e39532c0-0895-4528-913a-12be3c063aac', '0.5', null, true, '2023-05-02T14:48:16.000Z', '39b032b3-4eea-4fff-915c-3d50b3e3f4e5', '-', null, true, '1ff54fa2-e714-4361-aedd-5af0a0a636ba', 'e9c92242-3b8d-11eb-adc1-0242ac120002', '1e7682d4-bf79-4650-9ed5-2dded7cf51b6', '2023-05-02T14:48:16.000Z', '2023-05-02T14:48:16.000Z', null);
INSERT INTO t_history_verify (uid_examination, uid_test, value, value_string, is_verify, verify_date, uid_verify_by, flag, value_memo, enabled, uid_profile, uid_object, uid, created_at, updated_at, reason) VALUES('acad66f9-b62f-4928-a310-b70abd59dd48', 'e39532c0-0895-4528-913a-12be3c063aac', '0', '0', true, '2023-05-02T14:17:50.000Z', '39b032b3-4eea-4fff-915c-3d50b3e3f4e5', '-', null, true, '1ff54fa2-e714-4361-aedd-5af0a0a636ba', 'e9c91fd6-3b8d-11eb-adc1-0242ac120002', '25a8e235-b903-43ee-820c-8bd63736ba86', '2023-05-02T14:17:50.000Z', '2023-05-02T14:17:50.000Z', null);
INSERT INTO t_patient_examination (mrn, uid_registration, uid_test, value, value_string, value_memo, is_verify, verify_date, print_date, uid_verify_by, uid_instrument, is_acc, acc_date, is_edit, flag, pending_date, pending_by, uid_acc_by, uid_created_by, uid_action_by, uid_package, uid_panel, uid_parent, uid_nilai_normal, uid, enabled, uid_profile, uid_object, created_at, updated_at, approve_mobile, uid_rolebase, role_text, sign, id_order, is_duplo) VALUES('264442', 'a82d9b41-1add-49c6-9e4e-1a8e453b3277', 'f09c93d3-c5e8-4862-9a61-c8fc21c43d3a', '4.3', null, null, true, '2023-05-02T14:41:06.000Z', null, '39b032b3-4eea-4fff-915c-3d50b3e3f4e5', '36ba2172-b47c-42f9-934f-ded1fc43f064', true, '2023-05-02T14:48:16.000Z', true, '-', '1970-01-01T00:00:00.000Z', null, '39b032b3-4eea-4fff-915c-3d50b3e3f4e5', null, null, null, 'e48ac0c9-a459-4720-903a-9b8e55cb59f4', '2631bf5c-350c-48bd-bb60-a440936968e3', null, 'd7f21e6d-559b-4256-bbad-61396514612e', true, '1ff54fa2-e714-4361-aedd-5af0a0a636ba', '130867b4-4f1e-4d6d-8dc2-81294b7d1964','2023-05-02T14:17:10.000Z', '2023-05-02T14:48:16.000Z', false, null,null,null, null,false);
INSERT INTO t_history_approve (uid_examination, uid_test, value, value_string, is_acc, acc_date, uid_acc_by, flag, value_memo, enabled, uid_profile, uid_object, uid, created_at, updated_at, reason) VALUES('d7f21e6d-559b-4256-bbad-61396514612e', 'f09c93d3-c5e8-4862-9a61-c8fc21c43d3a', '4.3', null, true, '2023-05-02T14:48:16.000Z', '39b032b3-4eea-4fff-915c-3d50b3e3f4e5', '-', null, true, '1ff54fa2-e714-4361-aedd-5af0a0a636ba', 'e9c92242-3b8d-11eb-adc1-0242ac120002', '548583b4-84f5-4ca6-a11f-1dc5bee6816b', '2023-05-02T14:48:16.000Z', '2023-05-02T14:48:16.000Z', null);
INSERT INTO t_history_verify (uid_examination, uid_test, value, value_string, is_verify, verify_date, uid_verify_by, flag, value_memo, enabled, uid_profile, uid_object, uid, created_at, updated_at, reason) VALUES('d7f21e6d-559b-4256-bbad-61396514612e', 'f09c93d3-c5e8-4862-9a61-c8fc21c43d3a', '7.2', '7.2', true, '2023-05-02T14:17:50.000Z', '39b032b3-4eea-4fff-915c-3d50b3e3f4e5', '-', null, true, '1ff54fa2-e714-4361-aedd-5af0a0a636ba', 'e9c91fd6-3b8d-11eb-adc1-0242ac120002', '408c805f-c34d-43c8-9a42-d298a2571da8', '2023-05-02T14:17:50.000Z', '2023-05-02T14:17:50.000Z', null);
INSERT INTO t_patient_examination (mrn, uid_registration, uid_test, value, value_string, value_memo, is_verify, verify_date, print_date, uid_verify_by, uid_instrument, is_acc, acc_date, is_edit, flag, pending_date, pending_by, uid_acc_by, uid_created_by, uid_action_by, uid_package, uid_panel, uid_parent, uid_nilai_normal, uid, enabled, uid_profile, uid_object, created_at, updated_at, approve_mobile, uid_rolebase, role_text, sign, id_order, is_duplo) VALUES('264442', 'a82d9b41-1add-49c6-9e4e-1a8e453b3277', 'e725273b-a1c0-4243-9f97-fe7d7cad3bca', '0.8', null, null, true, '2023-05-02T14:41:06.000Z', null, '39b032b3-4eea-4fff-915c-3d50b3e3f4e5', '36ba2172-b47c-42f9-934f-ded1fc43f064', true, '2023-05-02T14:48:16.000Z', true, '-', '1970-01-01T00:00:00.000Z', null, '39b032b3-4eea-4fff-915c-3d50b3e3f4e5', null, null, null, 'e48ac0c9-a459-4720-903a-9b8e55cb59f4', '2631bf5c-350c-48bd-bb60-a440936968e3', null, '919d4e8d-796d-46be-b834-32ea2770a9f5', true, '1ff54fa2-e714-4361-aedd-5af0a0a636ba', '130867b4-4f1e-4d6d-8dc2-81294b7d1964','2023-05-02T14:17:10.000Z', '2023-05-02T14:48:16.000Z', false, null,null,null, null,false);
INSERT INTO t_history_approve (uid_examination, uid_test, value, value_string, is_acc, acc_date, uid_acc_by, flag, value_memo, enabled, uid_profile, uid_object, uid, created_at, updated_at, reason) VALUES('919d4e8d-796d-46be-b834-32ea2770a9f5', 'e725273b-a1c0-4243-9f97-fe7d7cad3bca', '0.8', null, true, '2023-05-02T14:48:16.000Z', '39b032b3-4eea-4fff-915c-3d50b3e3f4e5', '-', null, true, '1ff54fa2-e714-4361-aedd-5af0a0a636ba', 'e9c92242-3b8d-11eb-adc1-0242ac120002', '64083a7e-2e23-4280-aa53-eb276e1ff597', '2023-05-02T14:48:16.000Z', '2023-05-02T14:48:16.000Z', null);
INSERT INTO t_history_verify (uid_examination, uid_test, value, value_string, is_verify, verify_date, uid_verify_by, flag, value_memo, enabled, uid_profile, uid_object, uid, created_at, updated_at, reason) VALUES('919d4e8d-796d-46be-b834-32ea2770a9f5', 'e725273b-a1c0-4243-9f97-fe7d7cad3bca', '1.0', '1.0', true, '2023-05-02T14:17:50.000Z', '39b032b3-4eea-4fff-915c-3d50b3e3f4e5', '-', null, true, '1ff54fa2-e714-4361-aedd-5af0a0a636ba', 'e9c91fd6-3b8d-11eb-adc1-0242ac120002', '99167e30-bfde-47f7-8008-bda541c2e4ab', '2023-05-02T14:17:50.000Z', '2023-05-02T14:17:50.000Z', null);
INSERT INTO t_patient_examination (mrn, uid_registration, uid_test, value, value_string, value_memo, is_verify, verify_date, print_date, uid_verify_by, uid_instrument, is_acc, acc_date, is_edit, flag, pending_date, pending_by, uid_acc_by, uid_created_by, uid_action_by, uid_package, uid_panel, uid_parent, uid_nilai_normal, uid, enabled, uid_profile, uid_object, created_at, updated_at, approve_mobile, uid_rolebase, role_text, sign, id_order, is_duplo) VALUES('264442', 'a82d9b41-1add-49c6-9e4e-1a8e453b3277', '3917e159-2b79-4483-96ac-5435a8adfde1', '0.59', null, null, true, '2023-05-02T14:41:06.000Z', null, '39b032b3-4eea-4fff-915c-3d50b3e3f4e5', '36ba2172-b47c-42f9-934f-ded1fc43f064', true, '2023-05-02T14:48:16.000Z', true, '-', '1970-01-01T00:00:00.000Z', null, '39b032b3-4eea-4fff-915c-3d50b3e3f4e5', null, null, null, 'e48ac0c9-a459-4720-903a-9b8e55cb59f4', '2631bf5c-350c-48bd-bb60-a440936968e3', null, 'ef155084-4e5b-4cd5-9daa-632893a1c430', true, '1ff54fa2-e714-4361-aedd-5af0a0a636ba', '130867b4-4f1e-4d6d-8dc2-81294b7d1964','2023-05-02T14:17:10.000Z', '2023-05-02T14:48:16.000Z', false, null,null,null, null,false);
INSERT INTO t_history_approve (uid_examination, uid_test, value, value_string, is_acc, acc_date, uid_acc_by, flag, value_memo, enabled, uid_profile, uid_object, uid, created_at, updated_at, reason) VALUES('ef155084-4e5b-4cd5-9daa-632893a1c430', '3917e159-2b79-4483-96ac-5435a8adfde1', '0.59', null, true, '2023-05-02T14:48:16.000Z', '39b032b3-4eea-4fff-915c-3d50b3e3f4e5', '-', null, true, '1ff54fa2-e714-4361-aedd-5af0a0a636ba', 'e9c92242-3b8d-11eb-adc1-0242ac120002', 'c635e781-bb52-4b5e-a920-f0d329725178', '2023-05-02T14:48:16.000Z', '2023-05-02T14:48:16.000Z', null);
INSERT INTO t_history_verify (uid_examination, uid_test, value, value_string, is_verify, verify_date, uid_verify_by, flag, value_memo, enabled, uid_profile, uid_object, uid, created_at, updated_at, reason) VALUES('ef155084-4e5b-4cd5-9daa-632893a1c430', '3917e159-2b79-4483-96ac-5435a8adfde1', '0.22', '0.22', true, '2023-05-02T14:17:50.000Z', '39b032b3-4eea-4fff-915c-3d50b3e3f4e5', '-', null, true, '1ff54fa2-e714-4361-aedd-5af0a0a636ba', 'e9c91fd6-3b8d-11eb-adc1-0242ac120002', '574aaf62-4fdb-46c9-85f6-17278ef5b608', '2023-05-02T14:17:50.000Z', '2023-05-02T14:17:50.000Z', null);
INSERT INTO t_patient_examination (mrn, uid_registration, uid_test, value, value_string, value_memo, is_verify, verify_date, print_date, uid_verify_by, uid_instrument, is_acc, acc_date, is_edit, flag, pending_date, pending_by, uid_acc_by, uid_created_by, uid_action_by, uid_package, uid_panel, uid_parent, uid_nilai_normal, uid, enabled, uid_profile, uid_object, created_at, updated_at, approve_mobile, uid_rolebase, role_text, sign, id_order, is_duplo) VALUES('264442', 'a82d9b41-1add-49c6-9e4e-1a8e453b3277', 'fb7d3006-73e0-454f-b6c4-4766dc1086f4', '0.20', null, null, true, '2023-05-02T14:41:06.000Z', null, '39b032b3-4eea-4fff-915c-3d50b3e3f4e5', '36ba2172-b47c-42f9-934f-ded1fc43f064', true, '2023-05-02T14:48:16.000Z', true, '-', '1970-01-01T00:00:00.000Z', null, '39b032b3-4eea-4fff-915c-3d50b3e3f4e5', null, null, null, 'e48ac0c9-a459-4720-903a-9b8e55cb59f4', '2631bf5c-350c-48bd-bb60-a440936968e3', null, 'a10d3261-d0e9-4cdb-953b-b87dded509c9', true, '1ff54fa2-e714-4361-aedd-5af0a0a636ba', '130867b4-4f1e-4d6d-8dc2-81294b7d1964','2023-05-02T14:17:10.000Z', '2023-05-02T14:48:16.000Z', false, null,null,null, null,false);
INSERT INTO t_history_approve (uid_examination, uid_test, value, value_string, is_acc, acc_date, uid_acc_by, flag, value_memo, enabled, uid_profile, uid_object, uid, created_at, updated_at, reason) VALUES('a10d3261-d0e9-4cdb-953b-b87dded509c9', 'fb7d3006-73e0-454f-b6c4-4766dc1086f4', '0.20', null, true, '2023-05-02T14:48:16.000Z', '39b032b3-4eea-4fff-915c-3d50b3e3f4e5', '-', null, true, '1ff54fa2-e714-4361-aedd-5af0a0a636ba', 'e9c92242-3b8d-11eb-adc1-0242ac120002', '16ad4258-2eb4-4a27-9e3f-a27749d90b52', '2023-05-02T14:48:16.000Z', '2023-05-02T14:48:16.000Z', null);
INSERT INTO t_history_verify (uid_examination, uid_test, value, value_string, is_verify, verify_date, uid_verify_by, flag, value_memo, enabled, uid_profile, uid_object, uid, created_at, updated_at, reason) VALUES('a10d3261-d0e9-4cdb-953b-b87dded509c9', 'fb7d3006-73e0-454f-b6c4-4766dc1086f4', '0.03', '0.03', true, '2023-05-02T14:17:50.000Z', '39b032b3-4eea-4fff-915c-3d50b3e3f4e5', '-', null, true, '1ff54fa2-e714-4361-aedd-5af0a0a636ba', 'e9c91fd6-3b8d-11eb-adc1-0242ac120002', '301ddb79-4bac-45e1-abc7-c188194e1851', '2023-05-02T14:17:50.000Z', '2023-05-02T14:17:50.000Z', null);
INSERT INTO t_patient_examination (mrn, uid_registration, uid_test, value, value_string, value_memo, is_verify, verify_date, print_date, uid_verify_by, uid_instrument, is_acc, acc_date, is_edit, flag, pending_date, pending_by, uid_acc_by, uid_created_by, uid_action_by, uid_package, uid_panel, uid_parent, uid_nilai_normal, uid, enabled, uid_profile, uid_object, created_at, updated_at, approve_mobile, uid_rolebase, role_text, sign, id_order, is_duplo) VALUES('264442', 'a82d9b41-1add-49c6-9e4e-1a8e453b3277', '166384d4-515d-4b1a-a682-ba1b6e6472e8', '0.03', null, null, true, '2023-05-02T14:41:06.000Z', null, '39b032b3-4eea-4fff-915c-3d50b3e3f4e5', '36ba2172-b47c-42f9-934f-ded1fc43f064', true, '2023-05-02T14:48:16.000Z', true, '-', '1970-01-01T00:00:00.000Z', null, '39b032b3-4eea-4fff-915c-3d50b3e3f4e5', null, null, null, 'e48ac0c9-a459-4720-903a-9b8e55cb59f4', '2631bf5c-350c-48bd-bb60-a440936968e3', null, '83938a19-b959-4e36-ac30-b60e631d8991', true, '1ff54fa2-e714-4361-aedd-5af0a0a636ba', '130867b4-4f1e-4d6d-8dc2-81294b7d1964','2023-05-02T14:17:10.000Z', '2023-05-02T14:48:16.000Z', false, null,null,null, null,false);
INSERT INTO t_history_approve (uid_examination, uid_test, value, value_string, is_acc, acc_date, uid_acc_by, flag, value_memo, enabled, uid_profile, uid_object, uid, created_at, updated_at, reason) VALUES('83938a19-b959-4e36-ac30-b60e631d8991', '166384d4-515d-4b1a-a682-ba1b6e6472e8', '0.03', null, true, '2023-05-02T14:48:16.000Z', '39b032b3-4eea-4fff-915c-3d50b3e3f4e5', '-', null, true, '1ff54fa2-e714-4361-aedd-5af0a0a636ba', 'e9c92242-3b8d-11eb-adc1-0242ac120002', '96d23309-146f-44b5-904f-7340a9df8784', '2023-05-02T14:48:16.000Z', '2023-05-02T14:48:16.000Z', null);
INSERT INTO t_history_verify (uid_examination, uid_test, value, value_string, is_verify, verify_date, uid_verify_by, flag, value_memo, enabled, uid_profile, uid_object, uid, created_at, updated_at, reason) VALUES('83938a19-b959-4e36-ac30-b60e631d8991', '166384d4-515d-4b1a-a682-ba1b6e6472e8', '0.02', '0.02', true, '2023-05-02T14:17:50.000Z', '39b032b3-4eea-4fff-915c-3d50b3e3f4e5', '-', null, true, '1ff54fa2-e714-4361-aedd-5af0a0a636ba', 'e9c91fd6-3b8d-11eb-adc1-0242ac120002', '54c68f98-3925-4d5c-b87e-90a68d1b02c6', '2023-05-02T14:17:50.000Z', '2023-05-02T14:17:50.000Z', null);
INSERT INTO t_patient_examination (mrn, uid_registration, uid_test, value, value_string, value_memo, is_verify, verify_date, print_date, uid_verify_by, uid_instrument, is_acc, acc_date, is_edit, flag, pending_date, pending_by, uid_acc_by, uid_created_by, uid_action_by, uid_package, uid_panel, uid_parent, uid_nilai_normal, uid, enabled, uid_profile, uid_object, created_at, updated_at, approve_mobile, uid_rolebase, role_text, sign, id_order, is_duplo) VALUES('264442', 'a82d9b41-1add-49c6-9e4e-1a8e453b3277', '916b8e40-db78-4114-9a86-258c76fde88e', '13.8', null, null, true, '2023-05-03T12:34:32.000Z', null, '3c160c8e-c2d3-4ad1-a403-4774899f91b4', '36ba2172-b47c-42f9-934f-ded1fc43f064', true, '2023-05-03T12:34:37.000Z', true, 'L', '1970-01-01T00:00:00.000Z', null, '3c160c8e-c2d3-4ad1-a403-4774899f91b4', null, null, null, 'e48ac0c9-a459-4720-903a-9b8e55cb59f4', '2631bf5c-350c-48bd-bb60-a440936968e3', '61d057a9-8bb7-4611-9fc7-714b616333e5', '6bcf33a9-6794-4f2c-9e04-43b616d15203', true, '1ff54fa2-e714-4361-aedd-5af0a0a636ba', '130867b4-4f1e-4d6d-8dc2-81294b7d1964','2023-05-02T14:17:10.000Z', '2023-05-03T12:34:37.000Z', false, null,null,null, null,false);
INSERT INTO t_history_approve (uid_examination, uid_test, value, value_string, is_acc, acc_date, uid_acc_by, flag, value_memo, enabled, uid_profile, uid_object, uid, created_at, updated_at, reason) VALUES('6bcf33a9-6794-4f2c-9e04-43b616d15203', '916b8e40-db78-4114-9a86-258c76fde88e', '13.8', null, true, '2023-05-02T14:48:16.000Z', '39b032b3-4eea-4fff-915c-3d50b3e3f4e5', '-', null, true, '1ff54fa2-e714-4361-aedd-5af0a0a636ba', 'e9c92242-3b8d-11eb-adc1-0242ac120002', '1d3f9a91-6237-4f58-afc7-13610cc89cd5', '2023-05-02T14:48:16.000Z', '2023-05-02T14:48:16.000Z', null);
INSERT INTO t_history_verify (uid_examination, uid_test, value, value_string, is_verify, verify_date, uid_verify_by, flag, value_memo, enabled, uid_profile, uid_object, uid, created_at, updated_at, reason) VALUES('6bcf33a9-6794-4f2c-9e04-43b616d15203', '916b8e40-db78-4114-9a86-258c76fde88e', '12', '12', true, '2023-05-02T14:17:50.000Z', '39b032b3-4eea-4fff-915c-3d50b3e3f4e5', '-', null, true, '1ff54fa2-e714-4361-aedd-5af0a0a636ba', 'e9c91fd6-3b8d-11eb-adc1-0242ac120002', 'a8b31caa-581a-458b-86b5-486be6aac018', '2023-05-02T14:17:50.000Z', '2023-05-02T14:17:50.000Z', null);




INSERT INTO t_patient_payment (mrn, uid_registration, reg_num, amount_of_bill, amount_of_claim, amount_of_payment, amount_of_discount, amount_of_tax, remaining_pay, uid_billing, uid_claim, payment_date, uid_payment_method, card_number, uid, uid_profile, uid_object, created_at, updated_at, is_bridge, discount, tax) VALUES('264442', 'a82d9b41-1add-49c6-9e4e-1a8e453b3277', '2305020001', 0, 0, 0, 0, 0, 0, null, null, '2023-05-02T07:22:22.000Z', 'd61fc320-b011-48b3-8ff7-a2924164aab7', null, 'a06c355c-ee49-49cf-8a31-f418c3782bd9', '1ff54fa2-e714-4361-aedd-5af0a0a636ba', '4535ae4c-3b62-11eb-adc1-0242ac120002', '2023-05-02T07:22:22.000Z', '2023-05-02T07:22:22.000Z', false, null, null);
