INSERT INTO e_bridge_receive (ono, lno, text_result, text_order, release_date, validate, created_at, updated_at, split_date, source, result_message_id) VALUES('LISM2303021445071299' ,'1403230002','{"no_pendaftaran":"O01_2302281299","nik":null,"no_rm":"02168229","no_order":"LISM2303021445071299","nama_pasien":"EKO EDY PURWANTO, TN","tempat_lahir":null,"tgl_lahir":"1970-07-26 00:00:00","jk":"L","alamat":"TEGALKAMULYAN RT 04\/014 CILACAP SELATAN-Cilacap Selatan^Kab. Cilacap-JAWA TENGAH","phone":null,"email":null,"id_jenis_pasien":null,"jenis_pasien":null,"id_penjamin":"0051","penjamin":"BPJS NON PBI)","registration_date":"2023-03-02 14:45:07","rujukan_asal":1,"detail_rujukan":[{"id_dokter":"D033","nama_dokter":"HERMIN PRIHATINI, Dr, SPAN","id_ward":"9314","ward":"ICU - RSMS","room_no":"","id_instalasi":2}],"cito":"false","diagnose":"post re lap","icd10":[],"order":[{"is_add":true,"id_test":"LBLOOD000001","nama_test":"ABO + RHESUS"}]}', '{"no_pendaftaran":"O01_2302281299","nik":null,"no_rm":"02168229","no_order":"LISM2303021445071299","nama_pasien":"EKO EDY PURWANTO, TN","tempat_lahir":null,"tgl_lahir":"1970-07-26 00:00:00","jk":"L","alamat":"TEGALKAMULYAN RT 04\/014 CILACAP SELATAN-Cilacap Selatan^Kab. Cilacap-JAWA TENGAH","phone":null,"email":null,"id_jenis_pasien":null,"jenis_pasien":null,"id_penjamin":"0051","penjamin":"BPJS NON PBI)","registration_date":"2023-03-02 14:45:07","rujukan_asal":1,"detail_rujukan":[{"id_dokter":"D033","nama_dokter":"HERMIN PRIHATINI, Dr, SPAN","id_ward":"9314","ward":"ICU - RSMS","room_no":"","id_instalasi":2}],"cito":"false","diagnose":"post re lap","icd10":[],"order":[{"is_add":true,"id_test":"LBLOOD000001","nama_test":"ABO + RHESUS"}]}' , '1970-01-01T00:00:00.000Z','1970-01-01T00:00:00.000Z','2023-03-13T19:11:33.000Z','2023-03-13T19:11:33.000Z','1970-01-01T00:00:00.000Z', '1271201001', '104');
INSERT INTO t_patient_registration (mrn, patient_type, guarantor, members_number, referral_type, uid_ward, uid_class, uid_doctor_referral, uid_facility_referral, uid_doctor, is_cyto, reg_num, registration_date,created_by, uid_updated_by, uid, enabled, uid_profile, uid_object, created_at, updated_at, cancelation_remark, cancelation_date, is_bridge, room_number, source, no_reg, sign_fast, fast_note, is_pregnant, is_mcu, uid_doctor_incharge) VALUES('02168229' ,'befec50c-6ea8-43d2-867f-f6fafc90d928','e9fdc1d5-321b-44f9-a7d3-a343b0801922', null , '92669d11-b6c8-4ade-8f96-f12ed5f7a766', '60ad72c6-8c51-4bc2-bf39-b2e668b71af5', null, '2e85c257-36d1-4d0c-84a7-f844d6e2314b', null, '2e85c257-36d1-4d0c-84a7-f844d6e2314b', false, '1403230002', '2023-03-13T19:11:33.000Z', '39b032b3-4eea-4fff-915c-3d50b3e3f4e5', '39b032b3-4eea-4fff-915c-3d50b3e3f4e5', 'd10753c6-f1e3-43f3-bfed-d45c4f545621', true, '0b71770f-c539-4665-8615-159b3d181a83', '4535b220-3b62-11eb-adc1-0242ac120002', '2023-03-13T19:11:33.000Z', '2023-03-13T19:11:33.000Z', null, '1970-01-01T00:00:00.000Z', true, null, '1271201001', 'O01_2302281299', false, null, false, false, '47396655-ab73-4976-af41-7a3be49866c7');
INSERT INTO t_patient_order (mrn, uid_registration, uid_test, id_type_test, quantity, uid_created_by, uid_updated_by, enabled, uid, uid_profile, uid_object, created_at, updated_at, is_bridge) VALUES('02168229', 'd10753c6-f1e3-43f3-bfed-d45c4f545621', 'aa922cb0-7c8f-4b8d-8ef8-74db3ed71121', '3', '1', '39b032b3-4eea-4fff-915c-3d50b3e3f4e5', '39b032b3-4eea-4fff-915c-3d50b3e3f4e5', true, '0ddb0664-8dc8-41ec-be6d-6f8de7fb958c', '0b71770f-c539-4665-8615-159b3d181a83', '4535b310-3b62-11eb-adc1-0242ac120002', '2023-03-13T19:11:33.000Z', '2023-03-13T19:11:33.000Z', true);

INSERT INTO t_patient_order_detail (mrn, uid_registration, uid_test, value, value_string, value_memo, is_verify, verify_date, uid_verify_by, uid_instrument, is_acc, acc_date, is_edit, uid_acc_by, uid_action_by, enabled, uid_profile, uid_object, uid, flag, uid_nilai_normal, uid_package, uid_panel, uid_parent, created_at, updated_at, approve_mobile, id_order) VALUES('02168229', 'd10753c6-f1e3-43f3-bfed-d45c4f545621', '6722a017-976f-48f1-af31-6e753dc0b3e1', null , null, null, false, '1970-01-01T00:00:00.000Z', null, null, false, '1970-01-01T00:00:00.000Z', false, null, null, true, '0b71770f-c539-4665-8615-159b3d181a83', '130867b4-4f1e-4d6d-8dc2-81294b7d1964', '8262829e-c1f3-493b-a027-b754e6a33ca5', null, null, null, 'aa922cb0-7c8f-4b8d-8ef8-74db3ed71121', 'aa922cb0-7c8f-4b8d-8ef8-74db3ed71121', '2023-03-13T19:11:33.000Z', '2023-03-13T19:11:33.000Z', false, 3);

INSERT INTO t_patient_sample (sample_num, mrn, uid_registration, uid_test, taken_date, type_ref, qty_print, uid_paket, uid_panel, uid, enabled, uid_profile, uid_object, created_at, updated_at, uid_by, is_read, read_by) VALUES('1403230001', '02168229', 'd10753c6-f1e3-43f3-bfed-d45c4f545621', 'aa922cb0-7c8f-4b8d-8ef8-74db3ed71121', '2023-03-13T19:11:50.000Z', '3', '1', null, null, '54681b3b-cc2b-4ec3-87a3-ef6a3389eeef', true, '0b71770f-c539-4665-8615-159b3d181a83', 'fb22bc31-7319-4373-b6fb-9118b9d1c90b', '2023-03-13T19:11:50.000Z', '2023-03-13T19:11:50.000Z', '197270b2-9600-4dbb-a446-1044416f838a', false, null);

INSERT INTO t_patient_sample_speciment (reg_num, mrn, specimen, uid_registration, uid_test, taken_date, qty_print, uid_paket, uid_panel, uid, enabled, uid_profile, uid_object, created_at, updated_at) VALUES('1403230002', '02168229', 'Darah', 'd10753c6-f1e3-43f3-bfed-d45c4f545621', 'aa922cb0-7c8f-4b8d-8ef8-74db3ed71121', '2023-03-13T19:11:50.000Z', 1, null, null, 'da9f9d23-e118-40fc-be37-232b66da2979', true, '0b71770f-c539-4665-8615-159b3d181a83', 'fb22bc31-7319-4373-b6fb-9118b9d1a91b', '2023-03-13T19:11:50.000Z', '2023-03-13T19:11:50.000Z');

INSERT INTO t_patient_examination (mrn, uid_registration, uid_test, value, value_string, value_memo, is_verify, verify_date, print_date, uid_verify_by, uid_instrument, is_acc, acc_date, is_edit, flag, pending_date, pending_by, uid_acc_by, uid_created_by, uid_action_by, uid_package, uid_panel, uid_parent, uid_nilai_normal, uid, enabled, uid_profile, uid_object, created_at, updated_at, approve_mobile, uid_rolebase, role_text, sign, id_order, is_duplo) VALUES('02168229', 'd10753c6-f1e3-43f3-bfed-d45c4f545621', 'e9e9b270-c904-4715-993f-67414e44518a', null, null, null, false, '1970-01-01T00:00:00.000Z', null, null, null, false, '1970-01-01T00:00:00.000Z', false, null, '1970-01-01T00:00:00.000Z', null, null, null, null, null, '6d7381b3-df6a-4c62-a42e-3ae6315715fb', null, '86c368d0-3a6f-476e-8732-a3f06ba9cf4e', 'c384372e-a4b4-40d7-9a69-1a7c2db4103d', true, '0b71770f-c539-4665-8615-159b3d181a83', '130867b4-4f1e-4d6d-8dc2-81294b7d1964','2023-03-14T03:56:12.000Z', '2023-03-14T03:56:12.000Z', false, null,null,null, null,false);
INSERT INTO t_patient_examination (mrn, uid_registration, uid_test, value, value_string, value_memo, is_verify, verify_date, print_date, uid_verify_by, uid_instrument, is_acc, acc_date, is_edit, flag, pending_date, pending_by, uid_acc_by, uid_created_by, uid_action_by, uid_package, uid_panel, uid_parent, uid_nilai_normal, uid, enabled, uid_profile, uid_object, created_at, updated_at, approve_mobile, uid_rolebase, role_text, sign, id_order, is_duplo) VALUES('02168229', 'd10753c6-f1e3-43f3-bfed-d45c4f545621', '6722a017-976f-48f1-af31-6e753dc0b3e1', null, '12f2795c-4f60-4c86-a642-4647df51dd39', null, true, '2023-03-13T19:13:00.000Z', null, '39b032b3-4eea-4fff-915c-3d50b3e3f4e5', null, true, '2023-03-15T01:45:40.000Z', false, null, '1970-01-01T00:00:00.000Z', null, '39b032b3-4eea-4fff-915c-3d50b3e3f4e5', null, null, null, 'aa922cb0-7c8f-4b8d-8ef8-74db3ed71121', 'aa922cb0-7c8f-4b8d-8ef8-74db3ed71121', null, 'f8c58402-1f44-4532-91af-ba2586e87bd8', true, '0b71770f-c539-4665-8615-159b3d181a83', '130867b4-4f1e-4d6d-8dc2-81294b7d1964','2023-03-13T19:11:50.000Z', '2023-03-15T01:45:40.000Z', false, null,null,null, 3,false);
INSERT INTO t_history_approve (uid_examination, uid_test, value, value_string, is_acc, acc_date, uid_acc_by, flag, value_memo, enabled, uid_profile, uid_object, uid, created_at, updated_at, reason) VALUES('f8c58402-1f44-4532-91af-ba2586e87bd8', '6722a017-976f-48f1-af31-6e753dc0b3e1', null, '12f2795c-4f60-4c86-a642-4647df51dd39', true, '2023-03-13T19:13:02.000Z', '39b032b3-4eea-4fff-915c-3d50b3e3f4e5', '-', null, true, '0b71770f-c539-4665-8615-159b3d181a83', 'e9c92242-3b8d-11eb-adc1-0242ac120002', '8ad1bfee-2b29-4236-a33e-5d327e3c427e', '2023-03-13T19:13:02.000Z', '2023-03-13T19:13:02.000Z', null);
INSERT INTO t_history_verify (uid_examination, uid_test, value, value_string, is_verify, verify_date, uid_verify_by, flag, value_memo, enabled, uid_profile, uid_object, uid, created_at, updated_at, reason) VALUES('f8c58402-1f44-4532-91af-ba2586e87bd8', '6722a017-976f-48f1-af31-6e753dc0b3e1', null, null, true, '2023-03-13T19:13:00.000Z', '39b032b3-4eea-4fff-915c-3d50b3e3f4e5', null, null, true, '0b71770f-c539-4665-8615-159b3d181a83', 'e9c91fd6-3b8d-11eb-adc1-0242ac120002', '828e3641-5784-493a-a42b-4e36125814b8', '2023-03-13T19:13:00.000Z', '2023-03-13T19:13:00.000Z', null);
INSERT INTO t_patient_examination (mrn, uid_registration, uid_test, value, value_string, value_memo, is_verify, verify_date, print_date, uid_verify_by, uid_instrument, is_acc, acc_date, is_edit, flag, pending_date, pending_by, uid_acc_by, uid_created_by, uid_action_by, uid_package, uid_panel, uid_parent, uid_nilai_normal, uid, enabled, uid_profile, uid_object, created_at, updated_at, approve_mobile, uid_rolebase, role_text, sign, id_order, is_duplo) VALUES('02168229', 'd10753c6-f1e3-43f3-bfed-d45c4f545621', '62b09ab8-ff66-4bb4-8202-8587829d587a', '375', null, null, true, '2023-03-14T04:50:47.000Z', null, '39b032b3-4eea-4fff-915c-3d50b3e3f4e5', '90f8246b-a53e-48b7-8731-4575d567628a', true, '2023-03-15T01:45:40.000Z', true, '-', '1970-01-01T00:00:00.000Z', null, '39b032b3-4eea-4fff-915c-3d50b3e3f4e5', null, null, null, '6d7381b3-df6a-4c62-a42e-3ae6315715fb', null, null, 'e810b93e-d44c-4da3-9f6d-abe0c54f4ca9', true, '0b71770f-c539-4665-8615-159b3d181a83', '130867b4-4f1e-4d6d-8dc2-81294b7d1964','2023-03-14T03:56:12.000Z', '2023-03-15T01:45:40.000Z', false, null,null,null, null,false);
INSERT INTO t_history_approve (uid_examination, uid_test, value, value_string, is_acc, acc_date, uid_acc_by, flag, value_memo, enabled, uid_profile, uid_object, uid, created_at, updated_at, reason) VALUES('e810b93e-d44c-4da3-9f6d-abe0c54f4ca9', '62b09ab8-ff66-4bb4-8202-8587829d587a', '375', null, true, '2023-03-15T01:45:40.000Z', '39b032b3-4eea-4fff-915c-3d50b3e3f4e5', '-', null, true, '0b71770f-c539-4665-8615-159b3d181a83', 'e9c92242-3b8d-11eb-adc1-0242ac120002', 'b8c63e2f-1f3b-4ba9-b229-bd8c6767b124', '2023-03-15T01:45:40.000Z', '2023-03-15T01:45:40.000Z', null);
INSERT INTO t_history_verify (uid_examination, uid_test, value, value_string, is_verify, verify_date, uid_verify_by, flag, value_memo, enabled, uid_profile, uid_object, uid, created_at, updated_at, reason) VALUES('e810b93e-d44c-4da3-9f6d-abe0c54f4ca9', '62b09ab8-ff66-4bb4-8202-8587829d587a', '463', '463', true, '2023-03-14T03:56:27.000Z', '39b032b3-4eea-4fff-915c-3d50b3e3f4e5', '-', null, true, '0b71770f-c539-4665-8615-159b3d181a83', 'e9c91fd6-3b8d-11eb-adc1-0242ac120002', '8f6985f3-691a-41fa-8b4e-66e49891e853', '2023-03-14T03:56:27.000Z', '2023-03-14T03:56:27.000Z', null);
INSERT INTO t_patient_examination (mrn, uid_registration, uid_test, value, value_string, value_memo, is_verify, verify_date, print_date, uid_verify_by, uid_instrument, is_acc, acc_date, is_edit, flag, pending_date, pending_by, uid_acc_by, uid_created_by, uid_action_by, uid_package, uid_panel, uid_parent, uid_nilai_normal, uid, enabled, uid_profile, uid_object, created_at, updated_at, approve_mobile, uid_rolebase, role_text, sign, id_order, is_duplo) VALUES('02168229', 'd10753c6-f1e3-43f3-bfed-d45c4f545621', '158225f0-4ced-4688-8cc8-90b174a28735', '46', null, null, true, '2023-03-14T04:50:47.000Z', null, '39b032b3-4eea-4fff-915c-3d50b3e3f4e5', '90f8246b-a53e-48b7-8731-4575d567628a', true, '2023-03-15T01:45:40.000Z', true, '-', '1970-01-01T00:00:00.000Z', null, '39b032b3-4eea-4fff-915c-3d50b3e3f4e5', null, null, null, '6d7381b3-df6a-4c62-a42e-3ae6315715fb', null, null, 'e1c210a7-fd1f-4ba0-8b72-08e5bc757de2', true, '0b71770f-c539-4665-8615-159b3d181a83', '130867b4-4f1e-4d6d-8dc2-81294b7d1964','2023-03-14T03:56:12.000Z', '2023-03-15T01:45:40.000Z', false, null,null,null, null,false);
INSERT INTO t_history_approve (uid_examination, uid_test, value, value_string, is_acc, acc_date, uid_acc_by, flag, value_memo, enabled, uid_profile, uid_object, uid, created_at, updated_at, reason) VALUES('e1c210a7-fd1f-4ba0-8b72-08e5bc757de2', '158225f0-4ced-4688-8cc8-90b174a28735', '46', null, true, '2023-03-15T01:45:40.000Z', '39b032b3-4eea-4fff-915c-3d50b3e3f4e5', '-', null, true, '0b71770f-c539-4665-8615-159b3d181a83', 'e9c92242-3b8d-11eb-adc1-0242ac120002', '93a35a4e-491f-40ea-ab37-6e343fbe3c58', '2023-03-15T01:45:40.000Z', '2023-03-15T01:45:40.000Z', null);
INSERT INTO t_history_verify (uid_examination, uid_test, value, value_string, is_verify, verify_date, uid_verify_by, flag, value_memo, enabled, uid_profile, uid_object, uid, created_at, updated_at, reason) VALUES('e1c210a7-fd1f-4ba0-8b72-08e5bc757de2', '158225f0-4ced-4688-8cc8-90b174a28735', '34', '34', true, '2023-03-14T03:56:27.000Z', '39b032b3-4eea-4fff-915c-3d50b3e3f4e5', '-', null, true, '0b71770f-c539-4665-8615-159b3d181a83', 'e9c91fd6-3b8d-11eb-adc1-0242ac120002', '86407138-90ec-4b41-80a2-34b51b6e2a49', '2023-03-14T03:56:27.000Z', '2023-03-14T03:56:27.000Z', null);
INSERT INTO t_patient_examination (mrn, uid_registration, uid_test, value, value_string, value_memo, is_verify, verify_date, print_date, uid_verify_by, uid_instrument, is_acc, acc_date, is_edit, flag, pending_date, pending_by, uid_acc_by, uid_created_by, uid_action_by, uid_package, uid_panel, uid_parent, uid_nilai_normal, uid, enabled, uid_profile, uid_object, created_at, updated_at, approve_mobile, uid_rolebase, role_text, sign, id_order, is_duplo) VALUES('02168229', 'd10753c6-f1e3-43f3-bfed-d45c4f545621', '0d45026f-728d-48f9-922f-8ba9a7c7ba54', '10', null, null, true, '2023-03-14T04:50:47.000Z', null, '39b032b3-4eea-4fff-915c-3d50b3e3f4e5', '90f8246b-a53e-48b7-8731-4575d567628a', true, '2023-03-15T01:45:40.000Z', true, '-', '1970-01-01T00:00:00.000Z', null, '39b032b3-4eea-4fff-915c-3d50b3e3f4e5', null, null, null, '6d7381b3-df6a-4c62-a42e-3ae6315715fb', null, null, '58409418-6f77-434c-84fd-0ba7ac18f2a8', true, '0b71770f-c539-4665-8615-159b3d181a83', '130867b4-4f1e-4d6d-8dc2-81294b7d1964','2023-03-14T03:56:12.000Z', '2023-03-15T01:45:40.000Z', false, null,null,null, null,false);
INSERT INTO t_history_approve (uid_examination, uid_test, value, value_string, is_acc, acc_date, uid_acc_by, flag, value_memo, enabled, uid_profile, uid_object, uid, created_at, updated_at, reason) VALUES('58409418-6f77-434c-84fd-0ba7ac18f2a8', '0d45026f-728d-48f9-922f-8ba9a7c7ba54', '10', null, true, '2023-03-15T01:45:40.000Z', '39b032b3-4eea-4fff-915c-3d50b3e3f4e5', '-', null, true, '0b71770f-c539-4665-8615-159b3d181a83', 'e9c92242-3b8d-11eb-adc1-0242ac120002', '873d418a-898d-441b-b652-0b2e0ff63538', '2023-03-15T01:45:40.000Z', '2023-03-15T01:45:40.000Z', null);
INSERT INTO t_history_verify (uid_examination, uid_test, value, value_string, is_verify, verify_date, uid_verify_by, flag, value_memo, enabled, uid_profile, uid_object, uid, created_at, updated_at, reason) VALUES('58409418-6f77-434c-84fd-0ba7ac18f2a8', '0d45026f-728d-48f9-922f-8ba9a7c7ba54', '10', '10', true, '2023-03-14T03:56:27.000Z', '39b032b3-4eea-4fff-915c-3d50b3e3f4e5', '-', null, true, '0b71770f-c539-4665-8615-159b3d181a83', 'e9c91fd6-3b8d-11eb-adc1-0242ac120002', 'd242d225-5045-4cb7-9005-48f33ba95a68', '2023-03-14T03:56:27.000Z', '2023-03-14T03:56:27.000Z', null);
INSERT INTO t_patient_examination (mrn, uid_registration, uid_test, value, value_string, value_memo, is_verify, verify_date, print_date, uid_verify_by, uid_instrument, is_acc, acc_date, is_edit, flag, pending_date, pending_by, uid_acc_by, uid_created_by, uid_action_by, uid_package, uid_panel, uid_parent, uid_nilai_normal, uid, enabled, uid_profile, uid_object, created_at, updated_at, approve_mobile, uid_rolebase, role_text, sign, id_order, is_duplo) VALUES('02168229', 'd10753c6-f1e3-43f3-bfed-d45c4f545621', '62e46177-8dd4-4914-b8ca-dc783199795d', '90', null, null, true, '2023-03-14T04:50:47.000Z', null, '39b032b3-4eea-4fff-915c-3d50b3e3f4e5', '90f8246b-a53e-48b7-8731-4575d567628a', true, '2023-03-15T01:45:40.000Z', true, '-', '1970-01-01T00:00:00.000Z', null, '39b032b3-4eea-4fff-915c-3d50b3e3f4e5', null, null, null, '6d7381b3-df6a-4c62-a42e-3ae6315715fb', null, null, '793ac218-34ec-4032-8a71-914a1192caf3', true, '0b71770f-c539-4665-8615-159b3d181a83', '130867b4-4f1e-4d6d-8dc2-81294b7d1964','2023-03-14T03:56:12.000Z', '2023-03-15T01:45:40.000Z', false, null,null,null, null,false);
INSERT INTO t_history_approve (uid_examination, uid_test, value, value_string, is_acc, acc_date, uid_acc_by, flag, value_memo, enabled, uid_profile, uid_object, uid, created_at, updated_at, reason) VALUES('793ac218-34ec-4032-8a71-914a1192caf3', '62e46177-8dd4-4914-b8ca-dc783199795d', '90', null, true, '2023-03-15T01:45:40.000Z', '39b032b3-4eea-4fff-915c-3d50b3e3f4e5', '-', null, true, '0b71770f-c539-4665-8615-159b3d181a83', 'e9c92242-3b8d-11eb-adc1-0242ac120002', 'e6a27f8b-607f-4350-bc6a-c05864d87476', '2023-03-15T01:45:40.000Z', '2023-03-15T01:45:40.000Z', null);
INSERT INTO t_history_verify (uid_examination, uid_test, value, value_string, is_verify, verify_date, uid_verify_by, flag, value_memo, enabled, uid_profile, uid_object, uid, created_at, updated_at, reason) VALUES('793ac218-34ec-4032-8a71-914a1192caf3', '62e46177-8dd4-4914-b8ca-dc783199795d', '92', '92', true, '2023-03-14T03:56:27.000Z', '39b032b3-4eea-4fff-915c-3d50b3e3f4e5', '-', null, true, '0b71770f-c539-4665-8615-159b3d181a83', 'e9c91fd6-3b8d-11eb-adc1-0242ac120002', '1c41fe55-e497-447c-8462-a699e2d477b8', '2023-03-14T03:56:27.000Z', '2023-03-14T03:56:27.000Z', null);
INSERT INTO t_patient_examination (mrn, uid_registration, uid_test, value, value_string, value_memo, is_verify, verify_date, print_date, uid_verify_by, uid_instrument, is_acc, acc_date, is_edit, flag, pending_date, pending_by, uid_acc_by, uid_created_by, uid_action_by, uid_package, uid_panel, uid_parent, uid_nilai_normal, uid, enabled, uid_profile, uid_object, created_at, updated_at, approve_mobile, uid_rolebase, role_text, sign, id_order, is_duplo) VALUES('02168229', 'd10753c6-f1e3-43f3-bfed-d45c4f545621', '67fedb41-c1b3-40c4-86f9-67f2c8c7a944', '30', null, null, true, '2023-03-14T04:50:47.000Z', null, '39b032b3-4eea-4fff-915c-3d50b3e3f4e5', '90f8246b-a53e-48b7-8731-4575d567628a', true, '2023-03-15T01:45:40.000Z', true, '-', '1970-01-01T00:00:00.000Z', null, '39b032b3-4eea-4fff-915c-3d50b3e3f4e5', null, null, null, '6d7381b3-df6a-4c62-a42e-3ae6315715fb', null, null, '33f04177-6171-49d5-a43e-2ce93e2a2b0e', true, '0b71770f-c539-4665-8615-159b3d181a83', '130867b4-4f1e-4d6d-8dc2-81294b7d1964','2023-03-14T03:56:12.000Z', '2023-03-15T01:45:40.000Z', false, null,null,null, null,false);
INSERT INTO t_history_approve (uid_examination, uid_test, value, value_string, is_acc, acc_date, uid_acc_by, flag, value_memo, enabled, uid_profile, uid_object, uid, created_at, updated_at, reason) VALUES('33f04177-6171-49d5-a43e-2ce93e2a2b0e', '67fedb41-c1b3-40c4-86f9-67f2c8c7a944', '30', null, true, '2023-03-15T01:45:40.000Z', '39b032b3-4eea-4fff-915c-3d50b3e3f4e5', '-', null, true, '0b71770f-c539-4665-8615-159b3d181a83', 'e9c92242-3b8d-11eb-adc1-0242ac120002', '7d74d81e-5fa6-4470-99dc-4c7e132f4f43', '2023-03-15T01:45:40.000Z', '2023-03-15T01:45:40.000Z', null);
INSERT INTO t_history_verify (uid_examination, uid_test, value, value_string, is_verify, verify_date, uid_verify_by, flag, value_memo, enabled, uid_profile, uid_object, uid, created_at, updated_at, reason) VALUES('33f04177-6171-49d5-a43e-2ce93e2a2b0e', '67fedb41-c1b3-40c4-86f9-67f2c8c7a944', '29', '29', true, '2023-03-14T03:56:27.000Z', '39b032b3-4eea-4fff-915c-3d50b3e3f4e5', '-', null, true, '0b71770f-c539-4665-8615-159b3d181a83', 'e9c91fd6-3b8d-11eb-adc1-0242ac120002', 'd8a6d6df-571b-4b35-b383-74a570835de0', '2023-03-14T03:56:27.000Z', '2023-03-14T03:56:27.000Z', null);
INSERT INTO t_patient_examination (mrn, uid_registration, uid_test, value, value_string, value_memo, is_verify, verify_date, print_date, uid_verify_by, uid_instrument, is_acc, acc_date, is_edit, flag, pending_date, pending_by, uid_acc_by, uid_created_by, uid_action_by, uid_package, uid_panel, uid_parent, uid_nilai_normal, uid, enabled, uid_profile, uid_object, created_at, updated_at, approve_mobile, uid_rolebase, role_text, sign, id_order, is_duplo) VALUES('02168229', 'd10753c6-f1e3-43f3-bfed-d45c4f545621', '1d8f5420-67f9-4d41-bc13-1e6aaca86316', '33', null, null, true, '2023-03-14T04:50:47.000Z', null, '39b032b3-4eea-4fff-915c-3d50b3e3f4e5', '90f8246b-a53e-48b7-8731-4575d567628a', true, '2023-03-15T01:45:40.000Z', true, '-', '1970-01-01T00:00:00.000Z', null, '39b032b3-4eea-4fff-915c-3d50b3e3f4e5', null, null, null, '6d7381b3-df6a-4c62-a42e-3ae6315715fb', null, null, '9674f274-3b4d-40d7-8a3d-8778e3646408', true, '0b71770f-c539-4665-8615-159b3d181a83', '130867b4-4f1e-4d6d-8dc2-81294b7d1964','2023-03-14T03:56:12.000Z', '2023-03-15T01:45:40.000Z', false, null,null,null, null,false);
INSERT INTO t_history_approve (uid_examination, uid_test, value, value_string, is_acc, acc_date, uid_acc_by, flag, value_memo, enabled, uid_profile, uid_object, uid, created_at, updated_at, reason) VALUES('9674f274-3b4d-40d7-8a3d-8778e3646408', '1d8f5420-67f9-4d41-bc13-1e6aaca86316', '33', null, true, '2023-03-15T01:45:40.000Z', '39b032b3-4eea-4fff-915c-3d50b3e3f4e5', '-', null, true, '0b71770f-c539-4665-8615-159b3d181a83', 'e9c92242-3b8d-11eb-adc1-0242ac120002', '77477377-6070-412b-a5a6-e6ba59b0e143', '2023-03-15T01:45:40.000Z', '2023-03-15T01:45:40.000Z', null);
INSERT INTO t_history_verify (uid_examination, uid_test, value, value_string, is_verify, verify_date, uid_verify_by, flag, value_memo, enabled, uid_profile, uid_object, uid, created_at, updated_at, reason) VALUES('9674f274-3b4d-40d7-8a3d-8778e3646408', '1d8f5420-67f9-4d41-bc13-1e6aaca86316', '32', '32', true, '2023-03-14T03:56:27.000Z', '39b032b3-4eea-4fff-915c-3d50b3e3f4e5', '-', null, true, '0b71770f-c539-4665-8615-159b3d181a83', 'e9c91fd6-3b8d-11eb-adc1-0242ac120002', '7e9fbf99-d0fb-4e76-b0c5-b8b058417dcf', '2023-03-14T03:56:27.000Z', '2023-03-14T03:56:27.000Z', null);
INSERT INTO t_patient_examination (mrn, uid_registration, uid_test, value, value_string, value_memo, is_verify, verify_date, print_date, uid_verify_by, uid_instrument, is_acc, acc_date, is_edit, flag, pending_date, pending_by, uid_acc_by, uid_created_by, uid_action_by, uid_package, uid_panel, uid_parent, uid_nilai_normal, uid, enabled, uid_profile, uid_object, created_at, updated_at, approve_mobile, uid_rolebase, role_text, sign, id_order, is_duplo) VALUES('02168229', 'd10753c6-f1e3-43f3-bfed-d45c4f545621', '188d7122-e7fc-46db-9026-2fbff9a75649', '49', null, null, true, '2023-03-14T04:50:47.000Z', null, '39b032b3-4eea-4fff-915c-3d50b3e3f4e5', '90f8246b-a53e-48b7-8731-4575d567628a', true, '2023-03-15T01:45:40.000Z', true, 'H', '1970-01-01T00:00:00.000Z', null, '39b032b3-4eea-4fff-915c-3d50b3e3f4e5', null, null, null, '6d7381b3-df6a-4c62-a42e-3ae6315715fb', 'b514dcef-db59-4357-883f-ba711369e7d6', null, 'ebcd4680-dd63-47b0-b621-177d3b990288', true, '0b71770f-c539-4665-8615-159b3d181a83', '130867b4-4f1e-4d6d-8dc2-81294b7d1964','2023-03-14T03:56:12.000Z', '2023-03-15T01:45:40.000Z', false, null,null,null, null,false);
INSERT INTO t_history_approve (uid_examination, uid_test, value, value_string, is_acc, acc_date, uid_acc_by, flag, value_memo, enabled, uid_profile, uid_object, uid, created_at, updated_at, reason) VALUES('ebcd4680-dd63-47b0-b621-177d3b990288', '188d7122-e7fc-46db-9026-2fbff9a75649', '49', null, true, '2023-03-15T01:45:40.000Z', '39b032b3-4eea-4fff-915c-3d50b3e3f4e5', 'H', null, true, '0b71770f-c539-4665-8615-159b3d181a83', 'e9c92242-3b8d-11eb-adc1-0242ac120002', 'bc3f8b5a-5cff-44b1-bb4c-bb2107c63769', '2023-03-15T01:45:40.000Z', '2023-03-15T01:45:40.000Z', null);
INSERT INTO t_history_verify (uid_examination, uid_test, value, value_string, is_verify, verify_date, uid_verify_by, flag, value_memo, enabled, uid_profile, uid_object, uid, created_at, updated_at, reason) VALUES('ebcd4680-dd63-47b0-b621-177d3b990288', '188d7122-e7fc-46db-9026-2fbff9a75649', '76', '76', true, '2023-03-14T03:56:27.000Z', '39b032b3-4eea-4fff-915c-3d50b3e3f4e5', '-', null, true, '0b71770f-c539-4665-8615-159b3d181a83', 'e9c91fd6-3b8d-11eb-adc1-0242ac120002', 'e38ef26a-fb79-4835-9f49-ed6d02c568dd', '2023-03-14T03:56:27.000Z', '2023-03-14T03:56:27.000Z', null);
INSERT INTO t_patient_examination (mrn, uid_registration, uid_test, value, value_string, value_memo, is_verify, verify_date, print_date, uid_verify_by, uid_instrument, is_acc, acc_date, is_edit, flag, pending_date, pending_by, uid_acc_by, uid_created_by, uid_action_by, uid_package, uid_panel, uid_parent, uid_nilai_normal, uid, enabled, uid_profile, uid_object, created_at, updated_at, approve_mobile, uid_rolebase, role_text, sign, id_order, is_duplo) VALUES('02168229', 'd10753c6-f1e3-43f3-bfed-d45c4f545621', '04aa8899-f884-4c13-bf6c-833176c7e40c', '0.3', null, null, true, '2023-03-14T04:50:47.000Z', null, '39b032b3-4eea-4fff-915c-3d50b3e3f4e5', '90f8246b-a53e-48b7-8731-4575d567628a', true, '2023-03-15T01:45:40.000Z', true, '-', '1970-01-01T00:00:00.000Z', null, '39b032b3-4eea-4fff-915c-3d50b3e3f4e5', null, null, null, '6d7381b3-df6a-4c62-a42e-3ae6315715fb', 'b514dcef-db59-4357-883f-ba711369e7d6', null, 'bd964ef6-0b7c-4f10-9a92-48e7f26f9a35', true, '0b71770f-c539-4665-8615-159b3d181a83', '130867b4-4f1e-4d6d-8dc2-81294b7d1964','2023-03-14T03:56:12.000Z', '2023-03-15T01:45:40.000Z', false, null,null,null, null,false);
INSERT INTO t_history_approve (uid_examination, uid_test, value, value_string, is_acc, acc_date, uid_acc_by, flag, value_memo, enabled, uid_profile, uid_object, uid, created_at, updated_at, reason) VALUES('bd964ef6-0b7c-4f10-9a92-48e7f26f9a35', '04aa8899-f884-4c13-bf6c-833176c7e40c', '0.3', null, true, '2023-03-15T01:45:40.000Z', '39b032b3-4eea-4fff-915c-3d50b3e3f4e5', '-', null, true, '0b71770f-c539-4665-8615-159b3d181a83', 'e9c92242-3b8d-11eb-adc1-0242ac120002', '7265890c-55fe-4160-b961-5b3a8e52d8fc', '2023-03-15T01:45:40.000Z', '2023-03-15T01:45:40.000Z', null);
INSERT INTO t_history_verify (uid_examination, uid_test, value, value_string, is_verify, verify_date, uid_verify_by, flag, value_memo, enabled, uid_profile, uid_object, uid, created_at, updated_at, reason) VALUES('bd964ef6-0b7c-4f10-9a92-48e7f26f9a35', '04aa8899-f884-4c13-bf6c-833176c7e40c', '0', '0', true, '2023-03-14T03:56:27.000Z', '39b032b3-4eea-4fff-915c-3d50b3e3f4e5', '-', null, true, '0b71770f-c539-4665-8615-159b3d181a83', 'e9c91fd6-3b8d-11eb-adc1-0242ac120002', 'fae37d8b-1ebc-4092-a171-f42e6e40b958', '2023-03-14T03:56:27.000Z', '2023-03-14T03:56:27.000Z', null);
INSERT INTO t_patient_examination (mrn, uid_registration, uid_test, value, value_string, value_memo, is_verify, verify_date, print_date, uid_verify_by, uid_instrument, is_acc, acc_date, is_edit, flag, pending_date, pending_by, uid_acc_by, uid_created_by, uid_action_by, uid_package, uid_panel, uid_parent, uid_nilai_normal, uid, enabled, uid_profile, uid_object, created_at, updated_at, approve_mobile, uid_rolebase, role_text, sign, id_order, is_duplo) VALUES('02168229', 'd10753c6-f1e3-43f3-bfed-d45c4f545621', 'd65d0b85-1b3e-4832-96e4-47af5ee45707', '40.0', null, null, true, '2023-03-14T04:50:47.000Z', null, '39b032b3-4eea-4fff-915c-3d50b3e3f4e5', '90f8246b-a53e-48b7-8731-4575d567628a', true, '2023-03-15T01:45:40.000Z', true, 'H', '1970-01-01T00:00:00.000Z', null, '39b032b3-4eea-4fff-915c-3d50b3e3f4e5', null, null, null, '6d7381b3-df6a-4c62-a42e-3ae6315715fb', 'b514dcef-db59-4357-883f-ba711369e7d6', null, 'bb9d17a4-1246-483f-9fe7-a0f1ddd1d436', true, '0b71770f-c539-4665-8615-159b3d181a83', '130867b4-4f1e-4d6d-8dc2-81294b7d1964','2023-03-14T03:56:12.000Z', '2023-03-15T01:45:40.000Z', false, null,null,null, null,false);
INSERT INTO t_history_approve (uid_examination, uid_test, value, value_string, is_acc, acc_date, uid_acc_by, flag, value_memo, enabled, uid_profile, uid_object, uid, created_at, updated_at, reason) VALUES('bb9d17a4-1246-483f-9fe7-a0f1ddd1d436', 'd65d0b85-1b3e-4832-96e4-47af5ee45707', '40.0', null, true, '2023-03-15T01:45:40.000Z', '39b032b3-4eea-4fff-915c-3d50b3e3f4e5', 'H', null, true, '0b71770f-c539-4665-8615-159b3d181a83', 'e9c92242-3b8d-11eb-adc1-0242ac120002', 'e726d9c9-0077-4091-ab7b-998fc6effef6', '2023-03-15T01:45:40.000Z', '2023-03-15T01:45:40.000Z', null);
INSERT INTO t_history_verify (uid_examination, uid_test, value, value_string, is_verify, verify_date, uid_verify_by, flag, value_memo, enabled, uid_profile, uid_object, uid, created_at, updated_at, reason) VALUES('bb9d17a4-1246-483f-9fe7-a0f1ddd1d436', 'd65d0b85-1b3e-4832-96e4-47af5ee45707', '15', '15', true, '2023-03-14T03:56:27.000Z', '39b032b3-4eea-4fff-915c-3d50b3e3f4e5', '-', null, true, '0b71770f-c539-4665-8615-159b3d181a83', 'e9c91fd6-3b8d-11eb-adc1-0242ac120002', '49074c1b-a37a-4830-bdb4-200c33d7283f', '2023-03-14T03:56:27.000Z', '2023-03-14T03:56:27.000Z', null);
INSERT INTO t_patient_examination (mrn, uid_registration, uid_test, value, value_string, value_memo, is_verify, verify_date, print_date, uid_verify_by, uid_instrument, is_acc, acc_date, is_edit, flag, pending_date, pending_by, uid_acc_by, uid_created_by, uid_action_by, uid_package, uid_panel, uid_parent, uid_nilai_normal, uid, enabled, uid_profile, uid_object, created_at, updated_at, approve_mobile, uid_rolebase, role_text, sign, id_order, is_duplo) VALUES('02168229', 'd10753c6-f1e3-43f3-bfed-d45c4f545621', '8c8cd981-f86c-4c01-8f7b-9fff7ee766cd', '2.6', null, null, true, '2023-03-14T04:50:47.000Z', null, '39b032b3-4eea-4fff-915c-3d50b3e3f4e5', '90f8246b-a53e-48b7-8731-4575d567628a', true, '2023-03-15T01:45:40.000Z', true, '-', '1970-01-01T00:00:00.000Z', null, '39b032b3-4eea-4fff-915c-3d50b3e3f4e5', null, null, null, '6d7381b3-df6a-4c62-a42e-3ae6315715fb', 'b514dcef-db59-4357-883f-ba711369e7d6', null, '908d669d-26a3-4ff5-bc6f-e6a3719ac8b3', true, '0b71770f-c539-4665-8615-159b3d181a83', '130867b4-4f1e-4d6d-8dc2-81294b7d1964','2023-03-14T03:56:12.000Z', '2023-03-15T01:45:40.000Z', false, null,null,null, null,false);
INSERT INTO t_history_approve (uid_examination, uid_test, value, value_string, is_acc, acc_date, uid_acc_by, flag, value_memo, enabled, uid_profile, uid_object, uid, created_at, updated_at, reason) VALUES('908d669d-26a3-4ff5-bc6f-e6a3719ac8b3', '8c8cd981-f86c-4c01-8f7b-9fff7ee766cd', '2.6', null, true, '2023-03-15T01:45:40.000Z', '39b032b3-4eea-4fff-915c-3d50b3e3f4e5', '-', null, true, '0b71770f-c539-4665-8615-159b3d181a83', 'e9c92242-3b8d-11eb-adc1-0242ac120002', '62a8f7d1-1502-499c-a804-b43531e30a86', '2023-03-15T01:45:40.000Z', '2023-03-15T01:45:40.000Z', null);
INSERT INTO t_history_verify (uid_examination, uid_test, value, value_string, is_verify, verify_date, uid_verify_by, flag, value_memo, enabled, uid_profile, uid_object, uid, created_at, updated_at, reason) VALUES('908d669d-26a3-4ff5-bc6f-e6a3719ac8b3', '8c8cd981-f86c-4c01-8f7b-9fff7ee766cd', '0', '0', true, '2023-03-14T03:56:27.000Z', '39b032b3-4eea-4fff-915c-3d50b3e3f4e5', '-', null, true, '0b71770f-c539-4665-8615-159b3d181a83', 'e9c91fd6-3b8d-11eb-adc1-0242ac120002', '3acbd836-2b10-44d6-add6-456dea55ea87', '2023-03-14T03:56:27.000Z', '2023-03-14T03:56:27.000Z', null);
INSERT INTO t_patient_examination (mrn, uid_registration, uid_test, value, value_string, value_memo, is_verify, verify_date, print_date, uid_verify_by, uid_instrument, is_acc, acc_date, is_edit, flag, pending_date, pending_by, uid_acc_by, uid_created_by, uid_action_by, uid_package, uid_panel, uid_parent, uid_nilai_normal, uid, enabled, uid_profile, uid_object, created_at, updated_at, approve_mobile, uid_rolebase, role_text, sign, id_order, is_duplo) VALUES('02168229', 'd10753c6-f1e3-43f3-bfed-d45c4f545621', '5b5aa761-32d0-47c6-9d1b-a39f3df332b1', '7.7', null, null, true, '2023-03-14T04:50:47.000Z', null, '39b032b3-4eea-4fff-915c-3d50b3e3f4e5', '90f8246b-a53e-48b7-8731-4575d567628a', true, '2023-03-15T01:45:40.000Z', true, 'H', '1970-01-01T00:00:00.000Z', null, '39b032b3-4eea-4fff-915c-3d50b3e3f4e5', null, null, null, '6d7381b3-df6a-4c62-a42e-3ae6315715fb', 'b514dcef-db59-4357-883f-ba711369e7d6', null, 'a518a689-e341-45f7-9a38-31b48de14f30', true, '0b71770f-c539-4665-8615-159b3d181a83', '130867b4-4f1e-4d6d-8dc2-81294b7d1964','2023-03-14T03:56:12.000Z', '2023-03-15T01:45:40.000Z', false, null,null,null, null,false);
INSERT INTO t_history_approve (uid_examination, uid_test, value, value_string, is_acc, acc_date, uid_acc_by, flag, value_memo, enabled, uid_profile, uid_object, uid, created_at, updated_at, reason) VALUES('a518a689-e341-45f7-9a38-31b48de14f30', '5b5aa761-32d0-47c6-9d1b-a39f3df332b1', '7.7', null, true, '2023-03-15T01:45:40.000Z', '39b032b3-4eea-4fff-915c-3d50b3e3f4e5', 'H', null, true, '0b71770f-c539-4665-8615-159b3d181a83', 'e9c92242-3b8d-11eb-adc1-0242ac120002', 'ad1458fe-8dcd-4987-8393-0d739f99486a', '2023-03-15T01:45:40.000Z', '2023-03-15T01:45:40.000Z', null);
INSERT INTO t_history_verify (uid_examination, uid_test, value, value_string, is_verify, verify_date, uid_verify_by, flag, value_memo, enabled, uid_profile, uid_object, uid, created_at, updated_at, reason) VALUES('a518a689-e341-45f7-9a38-31b48de14f30', '5b5aa761-32d0-47c6-9d1b-a39f3df332b1', '8', '8', true, '2023-03-14T03:56:27.000Z', '39b032b3-4eea-4fff-915c-3d50b3e3f4e5', '-', null, true, '0b71770f-c539-4665-8615-159b3d181a83', 'e9c91fd6-3b8d-11eb-adc1-0242ac120002', '1966c124-f41e-4e76-998a-3bab41875929', '2023-03-14T03:56:27.000Z', '2023-03-14T03:56:27.000Z', null);
INSERT INTO t_patient_examination (mrn, uid_registration, uid_test, value, value_string, value_memo, is_verify, verify_date, print_date, uid_verify_by, uid_instrument, is_acc, acc_date, is_edit, flag, pending_date, pending_by, uid_acc_by, uid_created_by, uid_action_by, uid_package, uid_panel, uid_parent, uid_nilai_normal, uid, enabled, uid_profile, uid_object, created_at, updated_at, approve_mobile, uid_rolebase, role_text, sign, id_order, is_duplo) VALUES('02168229', 'd10753c6-f1e3-43f3-bfed-d45c4f545621', 'ea79c683-567d-4962-8041-fc973c802a8f', '15.2', null, null, true, '2023-03-14T04:50:47.000Z', null, '39b032b3-4eea-4fff-915c-3d50b3e3f4e5', '90f8246b-a53e-48b7-8731-4575d567628a', true, '2023-03-15T01:45:40.000Z', true, '-', '1970-01-01T00:00:00.000Z', null, '39b032b3-4eea-4fff-915c-3d50b3e3f4e5', null, null, null, '6d7381b3-df6a-4c62-a42e-3ae6315715fb', null, null, 'a026074a-f607-47e6-91ef-2889e2c09812', true, '0b71770f-c539-4665-8615-159b3d181a83', '130867b4-4f1e-4d6d-8dc2-81294b7d1964','2023-03-14T03:56:12.000Z', '2023-03-15T01:45:40.000Z', false, null,null,null, null,false);
INSERT INTO t_history_approve (uid_examination, uid_test, value, value_string, is_acc, acc_date, uid_acc_by, flag, value_memo, enabled, uid_profile, uid_object, uid, created_at, updated_at, reason) VALUES('a026074a-f607-47e6-91ef-2889e2c09812', 'ea79c683-567d-4962-8041-fc973c802a8f', '15.2', null, true, '2023-03-15T01:45:40.000Z', '39b032b3-4eea-4fff-915c-3d50b3e3f4e5', '-', null, true, '0b71770f-c539-4665-8615-159b3d181a83', 'e9c92242-3b8d-11eb-adc1-0242ac120002', 'e209ce5f-d44c-425b-8785-e4e87b58934c', '2023-03-15T01:45:40.000Z', '2023-03-15T01:45:40.000Z', null);
INSERT INTO t_history_verify (uid_examination, uid_test, value, value_string, is_verify, verify_date, uid_verify_by, flag, value_memo, enabled, uid_profile, uid_object, uid, created_at, updated_at, reason) VALUES('a026074a-f607-47e6-91ef-2889e2c09812', 'ea79c683-567d-4962-8041-fc973c802a8f', '10.6', '10.6', true, '2023-03-14T03:56:27.000Z', '39b032b3-4eea-4fff-915c-3d50b3e3f4e5', '-', null, true, '0b71770f-c539-4665-8615-159b3d181a83', 'e9c91fd6-3b8d-11eb-adc1-0242ac120002', 'a0a262ce-e2fa-4cbf-b7cf-7f4ef7ee3216', '2023-03-14T03:56:27.000Z', '2023-03-14T03:56:27.000Z', null);
INSERT INTO t_patient_examination (mrn, uid_registration, uid_test, value, value_string, value_memo, is_verify, verify_date, print_date, uid_verify_by, uid_instrument, is_acc, acc_date, is_edit, flag, pending_date, pending_by, uid_acc_by, uid_created_by, uid_action_by, uid_package, uid_panel, uid_parent, uid_nilai_normal, uid, enabled, uid_profile, uid_object, created_at, updated_at, approve_mobile, uid_rolebase, role_text, sign, id_order, is_duplo) VALUES('02168229', 'd10753c6-f1e3-43f3-bfed-d45c4f545621', '50726c13-8479-40c0-83b7-c59643a7d441', '7.9', null, null, true, '2023-03-14T04:50:47.000Z', null, '39b032b3-4eea-4fff-915c-3d50b3e3f4e5', '90f8246b-a53e-48b7-8731-4575d567628a', true, '2023-03-15T01:45:40.000Z', true, '-', '1970-01-01T00:00:00.000Z', null, '39b032b3-4eea-4fff-915c-3d50b3e3f4e5', null, null, null, '6d7381b3-df6a-4c62-a42e-3ae6315715fb', null, null, '3f0b30bc-c0dc-4cfb-98b4-ce4fb4ea5837', true, '0b71770f-c539-4665-8615-159b3d181a83', '130867b4-4f1e-4d6d-8dc2-81294b7d1964','2023-03-14T03:56:12.000Z', '2023-03-15T01:45:40.000Z', false, null,null,null, null,false);
INSERT INTO t_history_approve (uid_examination, uid_test, value, value_string, is_acc, acc_date, uid_acc_by, flag, value_memo, enabled, uid_profile, uid_object, uid, created_at, updated_at, reason) VALUES('3f0b30bc-c0dc-4cfb-98b4-ce4fb4ea5837', '50726c13-8479-40c0-83b7-c59643a7d441', '7.9', null, true, '2023-03-15T01:45:40.000Z', '39b032b3-4eea-4fff-915c-3d50b3e3f4e5', '-', null, true, '0b71770f-c539-4665-8615-159b3d181a83', 'e9c92242-3b8d-11eb-adc1-0242ac120002', '47961bed-b9cf-48cf-859c-ac703f6c7b26', '2023-03-15T01:45:40.000Z', '2023-03-15T01:45:40.000Z', null);
INSERT INTO t_history_verify (uid_examination, uid_test, value, value_string, is_verify, verify_date, uid_verify_by, flag, value_memo, enabled, uid_profile, uid_object, uid, created_at, updated_at, reason) VALUES('3f0b30bc-c0dc-4cfb-98b4-ce4fb4ea5837', '50726c13-8479-40c0-83b7-c59643a7d441', '14.7', '14.7', true, '2023-03-14T03:56:27.000Z', '39b032b3-4eea-4fff-915c-3d50b3e3f4e5', '-', null, true, '0b71770f-c539-4665-8615-159b3d181a83', 'e9c91fd6-3b8d-11eb-adc1-0242ac120002', 'a0907205-f50f-44a1-80df-1ecba803d5f9', '2023-03-14T03:56:27.000Z', '2023-03-14T03:56:27.000Z', null);
INSERT INTO t_patient_examination (mrn, uid_registration, uid_test, value, value_string, value_memo, is_verify, verify_date, print_date, uid_verify_by, uid_instrument, is_acc, acc_date, is_edit, flag, pending_date, pending_by, uid_acc_by, uid_created_by, uid_action_by, uid_package, uid_panel, uid_parent, uid_nilai_normal, uid, enabled, uid_profile, uid_object, created_at, updated_at, approve_mobile, uid_rolebase, role_text, sign, id_order, is_duplo) VALUES('02168229', 'd10753c6-f1e3-43f3-bfed-d45c4f545621', '14f7eaca-d7de-4d12-a5e5-8b4417c9124b', '5.1', null, null, true, '2023-03-14T04:50:47.000Z', null, '39b032b3-4eea-4fff-915c-3d50b3e3f4e5', '90f8246b-a53e-48b7-8731-4575d567628a', true, '2023-03-15T01:45:40.000Z', true, '-', '1970-01-01T00:00:00.000Z', null, '39b032b3-4eea-4fff-915c-3d50b3e3f4e5', null, null, null, '6d7381b3-df6a-4c62-a42e-3ae6315715fb', null, null, 'd25e62ef-47fe-4d14-bd2f-acfa23b6c06f', true, '0b71770f-c539-4665-8615-159b3d181a83', '130867b4-4f1e-4d6d-8dc2-81294b7d1964','2023-03-14T03:56:12.000Z', '2023-03-15T01:45:40.000Z', false, null,null,null, null,false);
INSERT INTO t_history_approve (uid_examination, uid_test, value, value_string, is_acc, acc_date, uid_acc_by, flag, value_memo, enabled, uid_profile, uid_object, uid, created_at, updated_at, reason) VALUES('d25e62ef-47fe-4d14-bd2f-acfa23b6c06f', '14f7eaca-d7de-4d12-a5e5-8b4417c9124b', '5.1', null, true, '2023-03-15T01:45:40.000Z', '39b032b3-4eea-4fff-915c-3d50b3e3f4e5', '-', null, true, '0b71770f-c539-4665-8615-159b3d181a83', 'e9c92242-3b8d-11eb-adc1-0242ac120002', '6fe0bd6b-950b-4fb9-88d9-c52797f7df80', '2023-03-15T01:45:40.000Z', '2023-03-15T01:45:40.000Z', null);
INSERT INTO t_history_verify (uid_examination, uid_test, value, value_string, is_verify, verify_date, uid_verify_by, flag, value_memo, enabled, uid_profile, uid_object, uid, created_at, updated_at, reason) VALUES('d25e62ef-47fe-4d14-bd2f-acfa23b6c06f', '14f7eaca-d7de-4d12-a5e5-8b4417c9124b', '3.7', '3.7', true, '2023-03-14T03:56:27.000Z', '39b032b3-4eea-4fff-915c-3d50b3e3f4e5', '-', null, true, '0b71770f-c539-4665-8615-159b3d181a83', 'e9c91fd6-3b8d-11eb-adc1-0242ac120002', '7a2ac63b-d104-49f9-b990-2e1f3389501a', '2023-03-14T03:56:27.000Z', '2023-03-14T03:56:27.000Z', null);
INSERT INTO t_patient_examination (mrn, uid_registration, uid_test, value, value_string, value_memo, is_verify, verify_date, print_date, uid_verify_by, uid_instrument, is_acc, acc_date, is_edit, flag, pending_date, pending_by, uid_acc_by, uid_created_by, uid_action_by, uid_package, uid_panel, uid_parent, uid_nilai_normal, uid, enabled, uid_profile, uid_object, created_at, updated_at, approve_mobile, uid_rolebase, role_text, sign, id_order, is_duplo) VALUES('02168229', 'd10753c6-f1e3-43f3-bfed-d45c4f545621', 'fed99011-a4fd-4d65-bc97-510a2caa37cc', '1', null, null, true, '2023-03-15T01:44:52.000Z', null, '39b032b3-4eea-4fff-915c-3d50b3e3f4e5', null, true, '2023-03-15T01:45:40.000Z', false, null, '1970-01-01T00:00:00.000Z', null, '39b032b3-4eea-4fff-915c-3d50b3e3f4e5', null, null, null, '6d7381b3-df6a-4c62-a42e-3ae6315715fb', null, null, '1aacb930-02fe-49e8-9b2e-0bfe6233192b', true, '0b71770f-c539-4665-8615-159b3d181a83', '130867b4-4f1e-4d6d-8dc2-81294b7d1964','2023-03-14T03:56:12.000Z', '2023-03-15T01:45:40.000Z', false, null,null,null, null,false);
INSERT INTO t_history_approve (uid_examination, uid_test, value, value_string, is_acc, acc_date, uid_acc_by, flag, value_memo, enabled, uid_profile, uid_object, uid, created_at, updated_at, reason) VALUES('1aacb930-02fe-49e8-9b2e-0bfe6233192b', 'fed99011-a4fd-4d65-bc97-510a2caa37cc', '1', null, true, '2023-03-15T01:45:40.000Z', '39b032b3-4eea-4fff-915c-3d50b3e3f4e5', '-', null, true, '0b71770f-c539-4665-8615-159b3d181a83', 'e9c92242-3b8d-11eb-adc1-0242ac120002', '25296aab-cc5f-4e18-a032-d89409451373', '2023-03-15T01:45:40.000Z', '2023-03-15T01:45:40.000Z', null);
INSERT INTO t_history_verify (uid_examination, uid_test, value, value_string, is_verify, verify_date, uid_verify_by, flag, value_memo, enabled, uid_profile, uid_object, uid, created_at, updated_at, reason) VALUES('1aacb930-02fe-49e8-9b2e-0bfe6233192b', 'fed99011-a4fd-4d65-bc97-510a2caa37cc', '1', '1', true, '2023-03-15T01:43:56.000Z', '39b032b3-4eea-4fff-915c-3d50b3e3f4e5', null, null, true, '0b71770f-c539-4665-8615-159b3d181a83', 'e9c91fd6-3b8d-11eb-adc1-0242ac120002', 'a14a5ec7-16b2-4bd9-8f0e-c66f5fe128ae', '2023-03-15T01:43:56.000Z', '2023-03-15T01:43:56.000Z', null);
INSERT INTO t_patient_examination (mrn, uid_registration, uid_test, value, value_string, value_memo, is_verify, verify_date, print_date, uid_verify_by, uid_instrument, is_acc, acc_date, is_edit, flag, pending_date, pending_by, uid_acc_by, uid_created_by, uid_action_by, uid_package, uid_panel, uid_parent, uid_nilai_normal, uid, enabled, uid_profile, uid_object, created_at, updated_at, approve_mobile, uid_rolebase, role_text, sign, id_order, is_duplo) VALUES('02168229', 'd10753c6-f1e3-43f3-bfed-d45c4f545621', '4ac7132d-f290-42de-91bc-2772e8b85cdd', '5.0', null, null, true, '2023-03-15T01:44:52.000Z', null, '39b032b3-4eea-4fff-915c-3d50b3e3f4e5', null, true, '2023-03-15T01:45:40.000Z', false, '-', '1970-01-01T00:00:00.000Z', null, '39b032b3-4eea-4fff-915c-3d50b3e3f4e5', null, null, null, '6d7381b3-df6a-4c62-a42e-3ae6315715fb', 'b514dcef-db59-4357-883f-ba711369e7d6', 'f52515bf-ee5b-44ad-a38b-148801a7bbe1', '85221029-d1a4-44c8-b309-0b9cb36b9767', true, '0b71770f-c539-4665-8615-159b3d181a83', '130867b4-4f1e-4d6d-8dc2-81294b7d1964','2023-03-14T03:56:12.000Z', '2023-03-15T01:45:40.000Z', false, null,null,null, null,false);
INSERT INTO t_history_approve (uid_examination, uid_test, value, value_string, is_acc, acc_date, uid_acc_by, flag, value_memo, enabled, uid_profile, uid_object, uid, created_at, updated_at, reason) VALUES('85221029-d1a4-44c8-b309-0b9cb36b9767', '4ac7132d-f290-42de-91bc-2772e8b85cdd', '5.0', null, true, '2023-03-15T01:45:40.000Z', '39b032b3-4eea-4fff-915c-3d50b3e3f4e5', '-', null, true, '0b71770f-c539-4665-8615-159b3d181a83', 'e9c92242-3b8d-11eb-adc1-0242ac120002', '503057b0-c080-468c-8385-5b87b7191afe', '2023-03-15T01:45:40.000Z', '2023-03-15T01:45:40.000Z', null);
INSERT INTO t_history_verify (uid_examination, uid_test, value, value_string, is_verify, verify_date, uid_verify_by, flag, value_memo, enabled, uid_profile, uid_object, uid, created_at, updated_at, reason) VALUES('85221029-d1a4-44c8-b309-0b9cb36b9767', '4ac7132d-f290-42de-91bc-2772e8b85cdd', '5.0', '5.0', true, '2023-03-15T01:43:56.000Z', '39b032b3-4eea-4fff-915c-3d50b3e3f4e5', '-', null, true, '0b71770f-c539-4665-8615-159b3d181a83', 'e9c91fd6-3b8d-11eb-adc1-0242ac120002', '2b415ede-081a-4a44-a986-3869d7cc3598', '2023-03-15T01:43:56.000Z', '2023-03-15T01:43:56.000Z', null);
INSERT INTO t_patient_examination (mrn, uid_registration, uid_test, value, value_string, value_memo, is_verify, verify_date, print_date, uid_verify_by, uid_instrument, is_acc, acc_date, is_edit, flag, pending_date, pending_by, uid_acc_by, uid_created_by, uid_action_by, uid_package, uid_panel, uid_parent, uid_nilai_normal, uid, enabled, uid_profile, uid_object, created_at, updated_at, approve_mobile, uid_rolebase, role_text, sign, id_order, is_duplo) VALUES('02168229', 'd10753c6-f1e3-43f3-bfed-d45c4f545621', '5a140c1b-ef8b-4d24-9d3e-fccf66bc6945', '10', null, null, true, '2023-03-15T01:44:52.000Z', null, '39b032b3-4eea-4fff-915c-3d50b3e3f4e5', null, true, '2023-03-15T01:45:40.000Z', false, '-', '1970-01-01T00:00:00.000Z', null, '39b032b3-4eea-4fff-915c-3d50b3e3f4e5', null, null, null, '6d7381b3-df6a-4c62-a42e-3ae6315715fb', null, 'd77ff3f4-7973-4515-8b80-be0f372a65e7', '27e4892a-6629-4082-a7b3-514d512e1a94', true, '0b71770f-c539-4665-8615-159b3d181a83', '130867b4-4f1e-4d6d-8dc2-81294b7d1964','2023-03-14T03:56:12.000Z', '2023-03-15T01:45:40.000Z', false, null,null,null, null,false);
INSERT INTO t_history_approve (uid_examination, uid_test, value, value_string, is_acc, acc_date, uid_acc_by, flag, value_memo, enabled, uid_profile, uid_object, uid, created_at, updated_at, reason) VALUES('27e4892a-6629-4082-a7b3-514d512e1a94', '5a140c1b-ef8b-4d24-9d3e-fccf66bc6945', '10', null, true, '2023-03-15T01:45:40.000Z', '39b032b3-4eea-4fff-915c-3d50b3e3f4e5', '-', null, true, '0b71770f-c539-4665-8615-159b3d181a83', 'e9c92242-3b8d-11eb-adc1-0242ac120002', 'f586983b-bd88-4e57-acab-897eeacf1555', '2023-03-15T01:45:40.000Z', '2023-03-15T01:45:40.000Z', null);
INSERT INTO t_history_verify (uid_examination, uid_test, value, value_string, is_verify, verify_date, uid_verify_by, flag, value_memo, enabled, uid_profile, uid_object, uid, created_at, updated_at, reason) VALUES('27e4892a-6629-4082-a7b3-514d512e1a94', '5a140c1b-ef8b-4d24-9d3e-fccf66bc6945', '10', '10', true, '2023-03-15T01:43:56.000Z', '39b032b3-4eea-4fff-915c-3d50b3e3f4e5', '-', null, true, '0b71770f-c539-4665-8615-159b3d181a83', 'e9c91fd6-3b8d-11eb-adc1-0242ac120002', 'bf84ae75-3252-4b27-8542-8a376f70dfd5', '2023-03-15T01:43:56.000Z', '2023-03-15T01:43:56.000Z', null);


INSERT INTO t_patient_diagnose (uid_registration, diagnose, icd10, icd10_text, uid, uid_profile, uid_object, created_at, updated_at, source,type) VALUES('d10753c6-f1e3-43f3-bfed-d45c4f545621', 'post re lap', null, null, '9d7afdda-cc09-4d6e-9a8a-71741d831285', '0b71770f-c539-4665-8615-159b3d181a83', 'f1b937fd-cdaf-461e-8d8a-b0e22dbdc224', '2023-03-13T19:11:33.000Z', '2023-03-13T19:11:33.000Z', '1271201001', 1);


INSERT INTO t_patient_payment (mrn, uid_registration, reg_num, amount_of_bill, amount_of_claim, amount_of_payment, amount_of_discount, amount_of_tax, remaining_pay, uid_billing, uid_claim, payment_date, uid_payment_method, card_number, uid, uid_profile, uid_object, created_at, updated_at, is_bridge, discount, tax) VALUES('02168229', 'd10753c6-f1e3-43f3-bfed-d45c4f545621', '1403230002', 0, 0, 0, 0, 0, 0, null, null, '2023-03-13T19:11:33.000Z', 'd61fc320-b011-48b3-8ff7-a2924164aab7', null, '69fe9361-8768-4574-95ea-aaa56b8f5d09', '0b71770f-c539-4665-8615-159b3d181a83', '4535ae4c-3b62-11eb-adc1-0242ac120002', '2023-03-13T19:11:33.000Z', '2023-03-13T19:11:33.000Z', false, null, null);
